operation_id,client_id,operation_type,asset_class,requested_amount,currency,request_date,settlement_date,current_status,current_stage,priority,responsible_team,last_update,completion_date,exception_flag,exception_type,severity,source_system,processing_time_hours,settlement_lead_time_days,sla_status,operational_risk,operation_category,expected_amount,processed_amount,expected_status,external_status,difference_amount,reconciliation_status
WM00001,CLIENT0140,Fund Purchase,Cash,846734.03,BRL,2026-08-14 05:28:09.042550,2026-08-16,Completed,Closure,Normal,Operations,2026-08-15 09:28:09.042550,2026-08-16 07:28:09.042550,False,,,Core Banking,28.0,1.77,Outside SLA,High,Completed,846734.03,846734.03,Completed,Completed,0.0,Matched
WM00002,CLIENT0115,Cash Transfer,Equity,1619813.76,BRL,2026-08-14 09:25:09.042550,2026-08-19,Settled,Settlement,Normal,Settlement,2026-08-16 16:25:09.042550,2026-08-18 13:25:09.042550,False,,,Trading Platform,55.0,4.61,Outside SLA,High,Completed,1619813.76,1619813.76,Settled,Settled,0.0,Matched
WM00003,CLIENT0098,Fund Purchase,Equity,1695751.26,USD,2026-08-20 06:19:09.042550,2026-08-21,Processing,Processing,Normal,Operations,2026-08-22 17:19:09.042550,,False,,,Custody System,59.0,0.74,Outside SLA,High,In Progress,1695751.26,1695751.26,Processing,Processing,0.0,Matched
WM00004,CLIENT0076,Portfolio Rebalancing,Cash,1771476.24,USD,2026-09-12 07:18:09.042550,2026-09-17,Validation,Data Validation,Normal,Reconciliation,2026-09-13 08:18:09.042550,,False,,,Custody System,25.0,4.7,Outside SLA,High,In Progress,1771476.24,1771476.24,Validation,Validation,0.0,Matched
WM00005,CLIENT0021,Fund Redemption,Mutual Fund,763351.82,USD,2026-09-04 05:02:09.042550,2026-09-07,Received,Request Received,Normal,Client Operations,2026-09-05 02:02:09.042550,,False,,,Trading Platform,21.0,2.79,Within SLA,Low,In Progress,763351.82,763351.82,Received,Received,0.0,Matched
WM00006,CLIENT0044,Cash Transfer,Fixed Income,330987.98,USD,2026-09-04 05:57:09.042550,2026-09-05,Processing,Processing,Normal,Client Operations,2026-09-07 05:57:09.042550,,False,,,Core Banking,72.0,0.75,Outside SLA,High,In Progress,330987.98,330987.98,Processing,Processing,0.0,Matched
WM00007,CLIENT0069,Fund Purchase,Fixed Income,1826706.57,USD,2026-09-09 01:27:09.042550,2026-09-10,Completed,Closure,Normal,Settlement,2026-09-11 17:27:09.042550,2026-09-12 08:27:09.042550,False,,,Trading Platform,64.0,0.94,Outside SLA,High,Completed,1826706.57,1802087.03,Completed,Completed,24619.54,Amount Difference
WM00008,CLIENT0144,Cash Transfer,Equity,1495292.55,USD,2026-09-03 08:22:09.042550,2026-09-06,Completed,Closure,Normal,Reconciliation,2026-09-05 12:22:09.042550,2026-09-05 12:22:09.042550,False,,,Trading Platform,52.0,2.65,Outside SLA,High,Completed,1495292.55,1495292.55,Completed,Completed,0.0,Matched
WM00009,CLIENT0013,Fund Purchase,Fixed Income,1256754.85,USD,2026-08-18 09:44:09.042550,2026-08-19,Pending Approval,Approval,Medium,Reconciliation,2026-08-18 18:44:09.042550,,False,,,Trading Platform,9.0,0.59,Within SLA,High,In Progress,1256754.85,1256754.85,Pending Approval,Pending Approval,0.0,Matched
WM00010,CLIENT0003,Portfolio Rebalancing,Mutual Fund,1365012.19,USD,2026-08-28 09:29:09.042550,2026-09-02,Pending Settlement,Settlement,Medium,Client Operations,2026-08-29 00:29:09.042550,,False,,,Trading Platform,15.0,4.6,Within SLA,High,In Progress,1365012.19,1365012.19,Pending Settlement,Pending Settlement,0.0,Matched
WM00011,CLIENT0130,Fund Purchase,Equity,1684130.35,BRL,2026-08-28 01:59:09.042550,2026-08-31,Settled,Settlement,Normal,Settlement,2026-08-30 01:59:09.042550,2026-09-02 04:59:09.042550,False,,,Core Banking,48.0,2.92,Outside SLA,High,Completed,1684130.35,1684130.35,Settled,Settled,0.0,Matched
WM00012,CLIENT0126,Fund Purchase,Mutual Fund,1858551.74,USD,2026-09-07 10:11:09.042550,2026-09-08,Reconciled,Reconciliation,Normal,Settlement,2026-09-07 18:11:09.042550,2026-09-12 16:11:09.042550,False,,,Core Banking,8.0,0.58,Within SLA,Low,Completed,1858551.74,1858551.74,Reconciled,Reconciled,0.0,Matched
WM00013,CLIENT0033,Portfolio Rebalancing,ETF,1893963.12,BRL,2026-09-13 02:18:09.042550,2026-09-17,Completed,Closure,Normal,Client Operations,2026-09-15 22:18:09.042550,2026-09-14 05:18:09.042550,False,,,Custody System,68.0,3.9,Outside SLA,High,Completed,1893963.12,1893963.12,Completed,Completed,0.0,Matched
WM00014,CLIENT0096,Asset Transfer - External,Cash,905714.85,BRL,2026-08-20 10:01:09.042550,2026-08-22,Settled,Settlement,Normal,Settlement,2026-08-20 19:01:09.042550,2026-08-23 17:01:09.042550,False,,,Trading Platform,9.0,1.58,Within SLA,Low,Completed,905714.85,905714.85,Settled,Settled,0.0,Matched
WM00015,CLIENT0002,Fund Purchase,Mutual Fund,461738.86,BRL,2026-08-31 04:50:09.042550,2026-09-02,Received,Request Received,Normal,Client Operations,2026-08-31 14:50:09.042550,,False,,,Custody System,10.0,1.8,Within SLA,Low,In Progress,461738.86,461738.86,Received,Received,0.0,Matched
WM00016,CLIENT0034,Portfolio Rebalancing,Cash,1154542.24,BRL,2026-09-04 08:26:09.042550,2026-09-09,Pending Approval,Approval,Medium,Middle Office,2026-09-06 13:26:09.042550,,False,,,Core Banking,53.0,4.65,Outside SLA,High,In Progress,1154542.24,1154542.24,Pending Approval,Pending Approval,0.0,Matched
WM00017,CLIENT0106,Asset Transfer - External,Mutual Fund,1348362.27,BRL,2026-09-04 07:35:09.042550,2026-09-08,Validation,Data Validation,Normal,Operations,2026-09-06 11:35:09.042550,,False,,,Custody System,52.0,3.68,Outside SLA,High,In Progress,1348362.27,1348362.27,Validation,Validation,0.0,Matched
WM00018,CLIENT0049,Cash Transfer,ETF,284663.68,BRL,2026-09-10 02:28:09.042550,2026-09-12,Processing,Processing,Normal,Client Operations,2026-09-12 14:28:09.042550,,False,,,Core Banking,60.0,1.9,Outside SLA,High,In Progress,284663.68,284663.68,Processing,Processing,0.0,Matched
WM00019,CLIENT0139,Fund Purchase,Mutual Fund,1853102.13,BRL,2026-08-16 09:04:09.042550,2026-08-21,Completed,Closure,Normal,Settlement,2026-08-18 14:04:09.042550,2026-08-17 10:04:09.042550,False,,,Trading Platform,53.0,4.62,Outside SLA,High,Completed,1853102.13,1853102.13,Completed,Completed,0.0,Matched
WM00020,CLIENT0001,Asset Transfer - External,Equity,1853403.56,USD,2026-09-10 08:10:09.042550,2026-09-11,Settled,Settlement,Normal,Client Operations,2026-09-12 15:10:09.042550,2026-09-12 15:10:09.042550,False,,,Custody System,55.0,0.66,Outside SLA,High,Completed,1853403.56,1853403.56,Settled,Settled,0.0,Matched
WM00021,CLIENT0076,Fund Redemption,Mutual Fund,1160464.68,BRL,2026-09-08 09:55:09.042550,2026-09-12,Exception,Processing,Critical,Operations,2026-09-08 16:55:09.042550,,True,Asset Position Divergence,Medium,Custody System,7.0,3.59,Within SLA,Critical,Exception,1160464.68,1160464.68,Exception,Exception,0.0,Matched
WM00022,CLIENT0048,Fund Purchase,Cash,140581.92,BRL,2026-09-12 09:23:09.042550,2026-09-13,Settled,Settlement,Normal,Middle Office,2026-09-13 01:23:09.042550,2026-09-17 11:23:09.042550,False,,,Custody System,16.0,0.61,Within SLA,Low,Completed,140581.92,140581.92,Settled,Settled,0.0,Matched
WM00023,CLIENT0108,Portfolio Rebalancing,Cash,1132627.71,USD,2026-09-02 01:52:09.042550,2026-09-03,Processing,Processing,Normal,Client Operations,2026-09-03 04:52:09.042550,,False,,,Custody System,27.0,0.92,Outside SLA,High,In Progress,1132627.71,1132627.71,Processing,Processing,0.0,Matched
WM00024,CLIENT0081,Fund Purchase,Mutual Fund,919279.62,BRL,2026-08-21 05:38:09.042550,2026-08-23,Completed,Closure,Normal,Operations,2026-08-24 02:38:09.042550,2026-08-24 13:38:09.042550,False,,,Core Banking,69.0,1.77,Outside SLA,High,Completed,919279.62,919279.62,Completed,Processing,0.0,Status Difference
WM00025,CLIENT0073,Fund Redemption,ETF,1668321.18,USD,2026-08-18 07:09:09.042550,2026-08-19,Settled,Settlement,Normal,Reconciliation,2026-08-21 03:09:09.042550,2026-08-20 13:09:09.042550,False,,,Core Banking,68.0,0.7,Outside SLA,High,Completed,1668321.18,1668321.18,Settled,Settled,0.0,Matched
WM00026,CLIENT0030,Fund Purchase,Cash,315118.58,USD,2026-08-31 06:12:09.042550,2026-09-01,Completed,Closure,Normal,Reconciliation,2026-09-01 09:12:09.042550,2026-09-02 11:12:09.042550,False,,,Custody System,27.0,0.74,Outside SLA,High,Completed,315118.58,315118.58,Completed,Completed,0.0,Matched
WM00027,CLIENT0130,Asset Transfer - External,Equity,1811146.3,BRL,2026-09-04 12:07:09.042550,2026-09-07,Processing,Processing,Normal,Operations,2026-09-06 19:07:09.042550,,False,,,Trading Platform,55.0,2.5,Outside SLA,High,In Progress,1811146.3,1811146.3,Processing,Processing,0.0,Matched
WM00028,CLIENT0042,Portfolio Rebalancing,ETF,1105602.44,USD,2026-08-24 03:53:09.042550,2026-08-27,Received,Request Received,Normal,Reconciliation,2026-08-24 05:53:09.042550,,False,,,Core Banking,2.0,2.84,Within SLA,Low,In Progress,1105602.44,1105602.44,Received,Received,0.0,Matched
WM00029,CLIENT0095,Cash Transfer,Cash,300447.1,BRL,2026-09-11 03:47:09.042550,2026-09-12,Received,Request Received,Normal,Operations,2026-09-12 19:47:09.042550,,False,,,Trading Platform,40.0,0.84,Outside SLA,High,In Progress,300447.1,300447.1,Received,Received,0.0,Matched
WM00030,CLIENT0027,Asset Transfer - Internal,Cash,1768848.73,USD,2026-09-08 02:10:09.042550,2026-09-11,Completed,Closure,Normal,Reconciliation,2026-09-08 22:10:09.042550,2026-09-10 06:10:09.042550,False,,,Core Banking,20.0,2.91,Within SLA,Low,Completed,1768848.73,1768848.73,Completed,Completed,0.0,Matched
WM00031,CLIENT0086,Asset Transfer - External,Fixed Income,537277.39,BRL,2026-09-08 04:09:09.042550,2026-09-12,Completed,Closure,Normal,Middle Office,2026-09-08 09:09:09.042550,2026-09-09 07:09:09.042550,False,,,Trading Platform,5.0,3.83,Within SLA,Low,Completed,537277.39,537277.39,Completed,Completed,0.0,Matched
WM00032,CLIENT0059,Fund Redemption,Mutual Fund,1321766.2,USD,2026-09-09 08:35:09.042550,2026-09-12,Pending Approval,Approval,Medium,Client Operations,2026-09-10 20:35:09.042550,,False,,,Core Banking,36.0,2.64,Outside SLA,High,In Progress,1321766.2,1321766.2,Pending Approval,Pending Approval,0.0,Matched
WM00033,CLIENT0008,Fund Purchase,Equity,361242.79,USD,2026-08-22 06:54:09.042550,2026-08-27,Exception,Processing,High,Operations,2026-08-24 14:54:09.042550,,True,Insufficient Position,High,Trading Platform,56.0,4.71,Outside SLA,Critical,Exception,361242.79,361242.79,Exception,Pending Settlement,0.0,Status Difference
WM00034,CLIENT0148,Fund Redemption,Equity,93551.13,USD,2026-08-24 07:51:09.042550,2026-08-29,Completed,Closure,Normal,Operations,2026-08-27 02:51:09.042550,2026-08-25 14:51:09.042550,False,,,Custody System,67.0,4.67,Outside SLA,High,Completed,93551.13,93551.13,Completed,Completed,0.0,Matched
WM00035,CLIENT0085,Cash Transfer,Equity,1328458.02,BRL,2026-09-13 11:25:09.042550,2026-09-16,Completed,Closure,Normal,Client Operations,2026-09-16 04:25:09.042550,2026-09-17 13:25:09.042550,False,,,Trading Platform,65.0,2.52,Outside SLA,High,Completed,1328458.02,1282306.34,Completed,Completed,46151.68,Amount Difference
WM00036,CLIENT0050,Asset Transfer - External,ETF,1356249.3,BRL,2026-08-24 07:57:09.042550,2026-08-27,Completed,Closure,Normal,Reconciliation,2026-08-25 22:57:09.042550,2026-08-29 10:57:09.042550,False,,,Trading Platform,39.0,2.67,Outside SLA,High,Completed,1356249.3,1311365.47,Completed,Completed,44883.83,Amount Difference
WM00037,CLIENT0120,Asset Transfer - External,ETF,1352876.33,USD,2026-08-14 05:31:09.042550,2026-08-16,Reconciled,Reconciliation,Normal,Settlement,2026-08-14 16:31:09.042550,2026-08-18 11:31:09.042550,False,,,Trading Platform,11.0,1.77,Within SLA,Low,Completed,1352876.33,1352876.33,Reconciled,Reconciled,0.0,Matched
WM00038,CLIENT0058,Fund Redemption,Fixed Income,53728.65,BRL,2026-09-03 10:34:09.042550,2026-09-04,Settled,Settlement,Normal,Middle Office,2026-09-03 20:34:09.042550,2026-09-05 15:34:09.042550,False,,,Trading Platform,10.0,0.56,Within SLA,Low,Completed,53728.65,53728.65,Settled,Settled,0.0,Matched
WM00039,CLIENT0063,Fund Redemption,Mutual Fund,1785856.35,BRL,2026-09-03 10:25:09.042550,2026-09-07,Settled,Settlement,Normal,Middle Office,2026-09-04 15:25:09.042550,2026-09-07 17:25:09.042550,False,,,Core Banking,29.0,3.57,Outside SLA,High,Completed,1785856.35,1785856.35,Settled,Settled,0.0,Matched
WM00040,CLIENT0032,Asset Transfer - External,Fixed Income,1603826.12,USD,2026-09-05 09:42:09.042550,2026-09-06,Completed,Closure,Normal,Middle Office,2026-09-08 02:42:09.042550,2026-09-10 13:42:09.042550,False,,,Trading Platform,65.0,0.6,Outside SLA,High,Completed,1603826.12,1603826.12,Completed,Completed,0.0,Matched
WM00041,CLIENT0067,Fund Redemption,Equity,1532798.3,USD,2026-08-31 09:10:09.042550,2026-09-02,Completed,Closure,Normal,Settlement,2026-09-01 21:10:09.042550,2026-09-04 17:10:09.042550,False,,,Trading Platform,36.0,1.62,Outside SLA,High,Completed,1532798.3,1532798.3,Completed,Completed,0.0,Matched
WM00042,CLIENT0082,Cash Transfer,Mutual Fund,281056.25,BRL,2026-08-23 04:30:09.042550,2026-08-26,Received,Request Received,Normal,Middle Office,2026-08-24 00:30:09.042550,,False,,,Custody System,20.0,2.81,Within SLA,Low,In Progress,281056.25,281056.25,Received,Received,0.0,Matched
WM00043,CLIENT0120,Asset Transfer - External,Mutual Fund,417634.61,USD,2026-08-27 07:34:09.042550,2026-09-01,Pending Approval,Approval,Medium,Middle Office,2026-08-27 10:34:09.042550,,False,,,Custody System,3.0,4.68,Within SLA,High,In Progress,417634.61,417634.61,Pending Approval,Pending Approval,0.0,Matched
WM00044,CLIENT0108,Cash Transfer,Cash,1600737.0,BRL,2026-08-14 06:32:09.042550,2026-08-18,Pending Settlement,Settlement,Medium,Middle Office,2026-08-15 11:32:09.042550,,False,,,Trading Platform,29.0,3.73,Outside SLA,High,In Progress,1600737.0,1600737.0,Pending Settlement,Pending Settlement,0.0,Matched
WM00045,CLIENT0033,Cash Transfer,Cash,58798.07,USD,2026-08-14 07:34:09.042550,2026-08-18,Settled,Settlement,Normal,Reconciliation,2026-08-14 11:34:09.042550,2026-08-16 15:34:09.042550,False,,,Core Banking,4.0,3.68,Within SLA,Low,Completed,58798.07,58798.07,Settled,Settled,0.0,Matched
WM00046,CLIENT0084,Fund Redemption,ETF,657057.38,USD,2026-08-18 08:24:09.042550,2026-08-19,Completed,Closure,Normal,Client Operations,2026-08-20 14:24:09.042550,2026-08-21 15:24:09.042550,False,,,Trading Platform,54.0,0.65,Outside SLA,High,Completed,657057.38,657057.38,Completed,Completed,0.0,Matched
WM00047,CLIENT0058,Portfolio Rebalancing,Mutual Fund,1563559.93,BRL,2026-08-29 02:00:09.042550,2026-09-03,Completed,Closure,Normal,Operations,2026-08-30 10:00:09.042550,2026-08-30 08:00:09.042550,False,,,Core Banking,32.0,4.92,Outside SLA,High,Completed,1563559.93,1563559.93,Completed,Completed,0.0,Matched
WM00048,CLIENT0145,Fund Redemption,ETF,1400432.62,USD,2026-09-02 03:28:09.042550,2026-09-04,Completed,Closure,Normal,Settlement,2026-09-02 18:28:09.042550,2026-09-06 05:28:09.042550,False,,,Core Banking,15.0,1.86,Within SLA,Low,Completed,1400432.62,1400432.62,Completed,Completed,0.0,Matched
WM00049,CLIENT0051,Fund Purchase,Cash,1382775.76,BRL,2026-08-17 10:14:09.042550,2026-08-20,Exception,Processing,High,Client Operations,2026-08-18 02:14:09.042550,,True,Insufficient Position,Critical,Custody System,16.0,2.57,Within SLA,Critical,Exception,1382775.76,1382775.76,Exception,Exception,0.0,Matched
WM00050,CLIENT0004,Asset Transfer - External,ETF,215550.05,USD,2026-08-25 09:40:09.042550,2026-08-28,Completed,Closure,Normal,Middle Office,2026-08-26 05:40:09.042550,2026-08-26 15:40:09.042550,False,,,Trading Platform,20.0,2.6,Within SLA,Low,Completed,215550.05,215550.05,Completed,Exception,0.0,Status Difference
WM00051,CLIENT0138,Asset Transfer - External,ETF,873971.11,USD,2026-08-30 11:30:09.042550,2026-09-04,Validation,Data Validation,Normal,Client Operations,2026-08-31 19:30:09.042550,,False,,,Core Banking,32.0,4.52,Outside SLA,High,In Progress,873971.11,873971.11,Validation,Validation,0.0,Matched
WM00052,CLIENT0146,Cash Transfer,ETF,676111.26,USD,2026-08-28 05:01:09.042550,2026-09-01,Processing,Processing,Normal,Client Operations,2026-08-29 05:01:09.042550,,False,,,Trading Platform,24.0,3.79,Within SLA,Low,In Progress,676111.26,676111.26,Processing,Processing,0.0,Matched
WM00053,CLIENT0071,Cash Transfer,Mutual Fund,1035671.37,BRL,2026-09-08 05:34:09.042550,2026-09-11,Pending Approval,Approval,Medium,Operations,2026-09-09 12:34:09.042550,,False,,,Custody System,31.0,2.77,Outside SLA,High,In Progress,1035671.37,1035671.37,Pending Approval,Pending Approval,0.0,Matched
WM00054,CLIENT0126,Asset Transfer - External,Mutual Fund,190641.43,BRL,2026-08-31 04:57:09.042550,2026-09-04,Pending Settlement,Settlement,Medium,Middle Office,2026-09-01 12:57:09.042550,,False,,,Trading Platform,32.0,3.79,Outside SLA,High,In Progress,190641.43,190641.43,Pending Settlement,Pending Settlement,0.0,Matched
WM00055,CLIENT0141,Asset Transfer - Internal,Equity,1407195.61,USD,2026-08-25 08:48:09.042550,2026-08-30,Completed,Closure,Normal,Client Operations,2026-08-26 17:48:09.042550,2026-08-28 15:48:09.042550,False,,,Core Banking,33.0,4.63,Outside SLA,High,Completed,1407195.61,1407195.61,Completed,Completed,0.0,Matched
WM00056,CLIENT0048,Fund Redemption,Fixed Income,1478516.28,USD,2026-08-20 06:20:09.042550,2026-08-25,Validation,Data Validation,Normal,Reconciliation,2026-08-23 02:20:09.042550,,False,,,Custody System,68.0,4.74,Outside SLA,High,In Progress,1478516.28,1478516.28,Validation,Validation,0.0,Matched
WM00057,CLIENT0093,Fund Redemption,Equity,33225.99,BRL,2026-08-17 04:31:09.042550,2026-08-19,Processing,Processing,Normal,Client Operations,2026-08-17 10:31:09.042550,,False,,,Core Banking,6.0,1.81,Within SLA,Low,In Progress,33225.99,33225.99,Processing,Exception,0.0,Status Difference
WM00058,CLIENT0147,Asset Transfer - Internal,ETF,960034.85,USD,2026-09-05 03:53:09.042550,2026-09-09,Reconciled,Reconciliation,Normal,Settlement,2026-09-05 10:53:09.042550,2026-09-06 04:53:09.042550,False,,,Trading Platform,7.0,3.84,Within SLA,Low,Completed,960034.85,960034.85,Reconciled,Reconciled,0.0,Matched
WM00059,CLIENT0019,Cash Transfer,Mutual Fund,307695.38,USD,2026-08-29 03:05:09.042550,2026-08-30,Exception,Processing,High,Settlement,2026-08-29 19:05:09.042550,,True,Insufficient Position,Critical,Custody System,16.0,0.87,Within SLA,Critical,Exception,307695.38,307695.38,Exception,Exception,0.0,Matched
WM00060,CLIENT0116,Asset Transfer - External,Equity,1721032.5,USD,2026-09-02 11:03:09.042550,2026-09-07,Completed,Closure,Normal,Client Operations,2026-09-02 19:03:09.042550,2026-09-04 18:03:09.042550,False,,,Custody System,8.0,4.54,Within SLA,Low,Completed,1721032.5,1650401.33,Completed,Completed,70631.17,Amount Difference
WM00061,CLIENT0041,Fund Redemption,Fixed Income,1106224.53,BRL,2026-08-17 04:53:09.042550,2026-08-19,Exception,Processing,High,Middle Office,2026-08-19 14:53:09.042550,,True,Approval Pending,Low,Custody System,58.0,1.8,Outside SLA,Critical,Exception,1106224.53,1106224.53,Exception,Exception,0.0,Matched
WM00062,CLIENT0019,Portfolio Rebalancing,Fixed Income,1848202.53,BRL,2026-08-23 01:27:09.042550,2026-08-26,Reconciled,Reconciliation,Normal,Middle Office,2026-08-23 16:27:09.042550,2026-08-26 09:27:09.042550,False,,,Custody System,15.0,2.94,Within SLA,Low,Completed,1848202.53,1848202.53,Reconciled,Reconciled,0.0,Matched
WM00063,CLIENT0019,Fund Purchase,Fixed Income,1586293.99,USD,2026-08-18 06:05:09.042550,2026-08-20,Pending Approval,Approval,Medium,Middle Office,2026-08-18 22:05:09.042550,,False,,,Trading Platform,16.0,1.75,Within SLA,High,In Progress,1586293.99,1586293.99,Pending Approval,Pending Approval,0.0,Matched
WM00064,CLIENT0113,Fund Purchase,Cash,84522.26,USD,2026-09-05 07:30:09.042550,2026-09-10,Completed,Closure,Normal,Client Operations,2026-09-06 16:30:09.042550,2026-09-10 15:30:09.042550,False,,,Core Banking,33.0,4.69,Outside SLA,High,Completed,84522.26,84522.26,Completed,Completed,0.0,Matched
WM00065,CLIENT0006,Portfolio Rebalancing,Equity,1154612.73,BRL,2026-09-13 12:06:09.042550,2026-09-18,Validation,Data Validation,Normal,Middle Office,2026-09-16 07:06:09.042550,,False,,,Custody System,67.0,4.5,Outside SLA,High,In Progress,1154612.73,1154612.73,Validation,Validation,0.0,Matched
WM00066,CLIENT0121,Asset Transfer - Internal,ETF,669950.25,BRL,2026-08-22 03:50:09.042550,2026-08-26,Settled,Settlement,Normal,Settlement,2026-08-23 22:50:09.042550,2026-08-26 05:50:09.042550,False,,,Trading Platform,43.0,3.84,Outside SLA,High,Completed,669950.25,669950.25,Settled,Exception,0.0,Status Difference
WM00067,CLIENT0023,Asset Transfer - Internal,Equity,649931.2,USD,2026-08-23 11:38:09.042550,2026-08-28,Completed,Closure,Normal,Reconciliation,2026-08-23 12:38:09.042550,2026-08-24 19:38:09.042550,False,,,Custody System,1.0,4.52,Within SLA,Low,Completed,649931.2,649931.2,Completed,Completed,0.0,Matched
WM00068,CLIENT0128,Portfolio Rebalancing,ETF,1521181.12,BRL,2026-08-28 07:16:09.042550,2026-08-30,Completed,Closure,Normal,Client Operations,2026-08-31 06:16:09.042550,2026-09-02 13:16:09.042550,False,,,Core Banking,71.0,1.7,Outside SLA,High,Completed,1521181.12,1521181.12,Completed,Completed,0.0,Matched
WM00069,CLIENT0041,Asset Transfer - Internal,Cash,32280.56,USD,2026-08-28 08:20:09.042550,2026-08-29,Completed,Closure,Normal,Operations,2026-08-29 13:20:09.042550,2026-09-02 12:20:09.042550,False,,,Core Banking,29.0,0.65,Outside SLA,High,Completed,32280.56,32280.56,Completed,Completed,0.0,Matched
WM00070,CLIENT0131,Portfolio Rebalancing,Equity,833903.23,USD,2026-08-17 12:06:09.042550,2026-08-19,Settled,Settlement,Normal,Middle Office,2026-08-18 20:06:09.042550,2026-08-21 17:06:09.042550,False,,,Trading Platform,32.0,1.5,Outside SLA,High,Completed,833903.23,833903.23,Settled,Processing,0.0,Status Difference
WM00071,CLIENT0018,Asset Transfer - Internal,ETF,683051.11,USD,2026-08-26 05:11:09.042550,2026-08-31,Reconciled,Reconciliation,Normal,Operations,2026-08-27 18:11:09.042550,2026-08-31 08:11:09.042550,False,,,Custody System,37.0,4.78,Outside SLA,High,Completed,683051.11,683051.11,Reconciled,Reconciled,0.0,Matched
WM00072,CLIENT0039,Asset Transfer - External,Cash,971261.06,USD,2026-09-01 10:55:09.042550,2026-09-05,Processing,Processing,Normal,Reconciliation,2026-09-04 08:55:09.042550,,False,,,Trading Platform,70.0,3.55,Outside SLA,High,In Progress,971261.06,971261.06,Processing,Processing,0.0,Matched
WM00073,CLIENT0060,Asset Transfer - External,Mutual Fund,639761.77,USD,2026-08-24 04:57:09.042550,2026-08-26,Settled,Settlement,Normal,Middle Office,2026-08-26 06:57:09.042550,2026-08-29 11:57:09.042550,False,,,Custody System,50.0,1.79,Outside SLA,High,Completed,639761.77,639761.77,Settled,Settled,0.0,Matched
WM00074,CLIENT0026,Asset Transfer - External,Mutual Fund,1054272.42,USD,2026-09-03 03:44:09.042550,2026-09-04,Completed,Closure,Normal,Operations,2026-09-03 22:44:09.042550,2026-09-05 09:44:09.042550,False,,,Trading Platform,19.0,0.84,Within SLA,Low,Completed,1054272.42,1054272.42,Completed,Completed,0.0,Matched
WM00075,CLIENT0021,Asset Transfer - Internal,Cash,763118.75,USD,2026-08-18 02:43:09.042550,2026-08-21,Completed,Closure,Normal,Middle Office,2026-08-21 00:43:09.042550,2026-08-21 09:43:09.042550,False,,,Core Banking,70.0,2.89,Outside SLA,High,Completed,763118.75,763118.75,Completed,Completed,0.0,Matched
WM00076,CLIENT0112,Fund Purchase,Mutual Fund,890138.71,USD,2026-08-21 11:56:09.042550,2026-08-24,Completed,Closure,Normal,Operations,2026-08-21 17:56:09.042550,2026-08-23 13:56:09.042550,False,,,Trading Platform,6.0,2.5,Within SLA,Low,Completed,890138.71,890138.71,Completed,Completed,0.0,Matched
WM00077,CLIENT0136,Asset Transfer - External,Cash,1365191.74,BRL,2026-08-23 06:36:09.042550,2026-08-27,Completed,Closure,Normal,Settlement,2026-08-24 05:36:09.042550,2026-08-25 10:36:09.042550,False,,,Core Banking,23.0,3.72,Within SLA,Low,Completed,1365191.74,1365191.74,Completed,Completed,0.0,Matched
WM00078,CLIENT0060,Asset Transfer - External,Equity,921843.15,BRL,2026-08-26 10:56:09.042550,2026-08-28,Reconciled,Reconciliation,Normal,Middle Office,2026-08-27 23:56:09.042550,2026-08-30 13:56:09.042550,False,,,Custody System,37.0,1.54,Outside SLA,High,Completed,921843.15,921843.15,Reconciled,Reconciled,0.0,Matched
WM00079,CLIENT0065,Asset Transfer - External,Equity,402437.91,USD,2026-08-16 08:35:09.042550,2026-08-21,Reconciled,Reconciliation,Normal,Middle Office,2026-08-16 22:35:09.042550,2026-08-19 15:35:09.042550,False,,,Core Banking,14.0,4.64,Within SLA,Low,Completed,,,,,0.0,Missing in External System
WM00080,CLIENT0006,Portfolio Rebalancing,ETF,552588.36,BRL,2026-08-25 10:31:09.042550,2026-08-28,Pending Settlement,Settlement,Medium,Reconciliation,2026-08-28 02:31:09.042550,,False,,,Trading Platform,64.0,2.56,Outside SLA,High,In Progress,552588.36,552588.36,Pending Settlement,Pending Settlement,0.0,Matched
WM00081,CLIENT0065,Portfolio Rebalancing,Fixed Income,1258354.97,BRL,2026-08-21 11:04:09.042550,2026-08-24,Completed,Closure,Normal,Client Operations,2026-08-23 20:04:09.042550,2026-08-23 15:04:09.042550,False,,,Core Banking,57.0,2.54,Outside SLA,High,Completed,1258354.97,1258354.97,Completed,Completed,0.0,Matched
WM00082,CLIENT0045,Fund Redemption,Fixed Income,1574093.06,USD,2026-09-06 03:18:09.042550,2026-09-09,Reconciled,Reconciliation,Normal,Reconciliation,2026-09-08 20:18:09.042550,2026-09-09 10:18:09.042550,False,,,Trading Platform,65.0,2.86,Outside SLA,High,Completed,1574093.06,1574093.06,Reconciled,Reconciled,0.0,Matched
WM00083,CLIENT0120,Fund Purchase,Fixed Income,1509532.23,BRL,2026-08-22 09:04:09.042550,2026-08-25,Completed,Closure,Normal,Middle Office,2026-08-25 09:04:09.042550,2026-08-25 11:04:09.042550,False,,,Trading Platform,72.0,2.62,Outside SLA,High,Completed,1509532.23,1485208.15,Completed,Completed,24324.08,Amount Difference
WM00084,CLIENT0032,Asset Transfer - External,Equity,1347292.62,USD,2026-08-26 01:29:09.042550,2026-08-31,Validation,Data Validation,Normal,Reconciliation,2026-08-28 02:29:09.042550,,False,,,Custody System,49.0,4.94,Outside SLA,High,In Progress,1347292.62,1347292.62,Validation,Validation,0.0,Matched
WM00085,CLIENT0057,Portfolio Rebalancing,Mutual Fund,1272630.83,USD,2026-08-17 11:27:09.042550,2026-08-21,Exception,Processing,Critical,Middle Office,2026-08-18 02:27:09.042550,,True,Missing Documentation,High,Core Banking,15.0,3.52,Within SLA,Critical,Exception,1272630.83,1272630.83,Exception,Exception,0.0,Matched
WM00086,CLIENT0025,Fund Redemption,Cash,275649.78,USD,2026-08-15 05:44:09.042550,2026-08-16,Received,Request Received,Normal,Client Operations,2026-08-18 03:44:09.042550,,False,,,Trading Platform,70.0,0.76,Outside SLA,High,In Progress,275649.78,275649.78,Received,Received,0.0,Matched
WM00087,CLIENT0105,Asset Transfer - Internal,Mutual Fund,1382109.92,BRL,2026-09-06 04:09:09.042550,2026-09-10,Reconciled,Reconciliation,Normal,Middle Office,2026-09-08 13:09:09.042550,2026-09-07 12:09:09.042550,False,,,Core Banking,57.0,3.83,Outside SLA,High,Completed,1382109.92,1382109.92,Reconciled,Reconciled,0.0,Matched
WM00088,CLIENT0102,Asset Transfer - Internal,Fixed Income,1936572.72,USD,2026-08-17 11:36:09.042550,2026-08-22,Completed,Closure,Normal,Operations,2026-08-18 15:36:09.042550,2026-08-20 12:36:09.042550,False,,,Custody System,28.0,4.52,Outside SLA,High,Completed,1936572.72,1936572.72,Completed,Completed,0.0,Matched
WM00089,CLIENT0145,Fund Redemption,Mutual Fund,1660486.59,BRL,2026-08-14 02:03:09.042550,2026-08-17,Completed,Closure,Normal,Reconciliation,2026-08-15 06:03:09.042550,2026-08-16 05:03:09.042550,False,,,Core Banking,28.0,2.91,Outside SLA,High,Completed,1660486.59,1660486.59,Completed,Completed,0.0,Matched
WM00090,CLIENT0038,Fund Redemption,Cash,505055.12,BRL,2026-08-18 10:13:09.042550,2026-08-21,Processing,Processing,Normal,Operations,2026-08-18 14:13:09.042550,,False,,,Core Banking,4.0,2.57,Within SLA,Low,In Progress,505055.12,505055.12,Processing,Processing,0.0,Matched
WM00091,CLIENT0005,Fund Redemption,Equity,109536.04,USD,2026-09-08 04:50:09.042550,2026-09-11,Received,Request Received,Normal,Reconciliation,2026-09-08 19:50:09.042550,,False,,,Custody System,15.0,2.8,Within SLA,Low,In Progress,109536.04,109536.04,Received,Received,0.0,Matched
WM00092,CLIENT0028,Asset Transfer - External,Cash,446991.76,BRL,2026-08-28 06:45:09.042550,2026-09-02,Received,Request Received,Normal,Reconciliation,2026-08-29 21:45:09.042550,,False,,,Trading Platform,39.0,4.72,Outside SLA,High,In Progress,446991.76,446991.76,Received,Exception,0.0,Status Difference
WM00093,CLIENT0126,Portfolio Rebalancing,ETF,151613.98,BRL,2026-08-14 01:43:09.042550,2026-08-18,Completed,Closure,Normal,Client Operations,2026-08-14 20:43:09.042550,2026-08-18 03:43:09.042550,False,,,Core Banking,19.0,3.93,Within SLA,Low,Completed,151613.98,151613.98,Completed,Completed,0.0,Matched
WM00094,CLIENT0084,Asset Transfer - External,Cash,1063460.89,USD,2026-09-02 11:50:09.042550,2026-09-07,Validation,Data Validation,Normal,Reconciliation,2026-09-04 19:50:09.042550,,False,,,Core Banking,56.0,4.51,Outside SLA,High,In Progress,1063460.89,1063460.89,Validation,Validation,0.0,Matched
WM00095,CLIENT0116,Fund Redemption,ETF,681168.58,USD,2026-08-17 11:54:09.042550,2026-08-22,Completed,Closure,Normal,Middle Office,2026-08-19 17:54:09.042550,2026-08-19 18:54:09.042550,False,,,Custody System,54.0,4.5,Outside SLA,High,Completed,681168.58,681168.58,Completed,Completed,0.0,Matched
WM00096,CLIENT0096,Fund Redemption,ETF,138930.95,BRL,2026-08-27 06:55:09.042550,2026-08-30,Validation,Data Validation,Normal,Operations,2026-08-29 14:55:09.042550,,False,,,Core Banking,56.0,2.71,Outside SLA,High,In Progress,138930.95,138930.95,Validation,Validation,0.0,Matched
WM00097,CLIENT0032,Asset Transfer - External,Equity,1747846.71,USD,2026-08-25 03:48:09.042550,2026-08-26,Completed,Closure,Normal,Operations,2026-08-26 16:48:09.042550,2026-08-30 09:48:09.042550,False,,,Custody System,37.0,0.84,Outside SLA,High,Completed,1747846.71,1747846.71,Completed,Completed,0.0,Matched
WM00098,CLIENT0040,Portfolio Rebalancing,ETF,452368.51,BRL,2026-08-17 10:45:09.042550,2026-08-19,Processing,Processing,Normal,Client Operations,2026-08-20 10:45:09.042550,,False,,,Trading Platform,72.0,1.55,Outside SLA,High,In Progress,452368.51,452368.51,Processing,Processing,0.0,Matched
WM00099,CLIENT0144,Cash Transfer,Cash,1351578.54,BRL,2026-08-22 10:27:09.042550,2026-08-26,Validation,Data Validation,Normal,Reconciliation,2026-08-23 21:27:09.042550,,False,,,Core Banking,35.0,3.56,Outside SLA,High,In Progress,1351578.54,1351578.54,Validation,Validation,0.0,Matched
WM00100,CLIENT0090,Fund Purchase,Fixed Income,1740376.1,USD,2026-09-05 06:11:09.042550,2026-09-08,Pending Approval,Approval,Medium,Operations,2026-09-06 01:11:09.042550,,False,,,Custody System,19.0,2.74,Within SLA,High,In Progress,1740376.1,1740376.1,Pending Approval,Pending Approval,0.0,Matched
WM00101,CLIENT0108,Asset Transfer - External,Equity,319031.51,USD,2026-08-14 03:00:09.042550,2026-08-19,Completed,Closure,Normal,Client Operations,2026-08-14 14:00:09.042550,2026-08-16 10:00:09.042550,False,,,Core Banking,11.0,4.87,Within SLA,Low,Completed,319031.51,319031.51,Completed,Exception,0.0,Status Difference
WM00102,CLIENT0070,Asset Transfer - External,ETF,973895.1,USD,2026-09-07 10:16:09.042550,2026-09-08,Validation,Data Validation,Normal,Middle Office,2026-09-08 21:16:09.042550,,False,,,Core Banking,35.0,0.57,Outside SLA,High,In Progress,973895.1,973895.1,Validation,Validation,0.0,Matched
WM00103,CLIENT0135,Portfolio Rebalancing,Equity,95607.64,USD,2026-08-17 06:40:09.042550,2026-08-18,Completed,Closure,Normal,Reconciliation,2026-08-17 14:40:09.042550,2026-08-20 14:40:09.042550,False,,,Core Banking,8.0,0.72,Within SLA,Low,Completed,95607.64,95607.64,Completed,Completed,0.0,Matched
WM00104,CLIENT0066,Asset Transfer - Internal,Equity,244368.77,USD,2026-09-13 05:02:09.042550,2026-09-15,Pending Approval,Approval,Medium,Middle Office,2026-09-14 04:02:09.042550,,False,,,Core Banking,23.0,1.79,Within SLA,High,In Progress,244368.77,244368.77,Pending Approval,Pending Approval,0.0,Matched
WM00105,CLIENT0091,Fund Purchase,ETF,1724219.9,BRL,2026-09-05 04:45:09.042550,2026-09-10,Pending Settlement,Settlement,Medium,Middle Office,2026-09-05 07:45:09.042550,,False,,,Trading Platform,3.0,4.8,Within SLA,High,In Progress,1724219.9,1724219.9,Pending Settlement,Exception,0.0,Status Difference
WM00106,CLIENT0107,Asset Transfer - Internal,Mutual Fund,813039.45,USD,2026-09-10 06:49:09.042550,2026-09-14,Completed,Closure,Normal,Settlement,2026-09-12 17:49:09.042550,2026-09-15 13:49:09.042550,False,,,Custody System,59.0,3.72,Outside SLA,High,Completed,813039.45,813039.45,Completed,Completed,0.0,Matched
WM00107,CLIENT0103,Cash Transfer,Mutual Fund,794554.56,USD,2026-08-16 08:07:09.042550,2026-08-17,Completed,Closure,Normal,Client Operations,2026-08-17 13:07:09.042550,2026-08-18 15:07:09.042550,False,,,Trading Platform,29.0,0.66,Outside SLA,High,Completed,794554.56,794554.56,Completed,Completed,0.0,Matched
WM00108,CLIENT0090,Asset Transfer - Internal,Fixed Income,476356.35,BRL,2026-08-16 09:53:09.042550,2026-08-17,Completed,Closure,Normal,Client Operations,2026-08-17 11:53:09.042550,2026-08-21 13:53:09.042550,False,,,Core Banking,26.0,0.59,Outside SLA,High,Completed,476356.35,476356.35,Completed,Completed,0.0,Matched
WM00109,CLIENT0145,Cash Transfer,ETF,1363861.29,USD,2026-09-07 11:17:09.042550,2026-09-09,Reconciled,Reconciliation,Normal,Client Operations,2026-09-08 07:17:09.042550,2026-09-11 19:17:09.042550,False,,,Trading Platform,20.0,1.53,Within SLA,Low,Completed,1363861.29,1363861.29,Reconciled,Reconciled,0.0,Matched
WM00110,CLIENT0015,Asset Transfer - Internal,Cash,153010.36,USD,2026-08-28 11:32:09.042550,2026-08-31,Received,Request Received,Normal,Middle Office,2026-08-28 16:32:09.042550,,False,,,Core Banking,5.0,2.52,Within SLA,Low,In Progress,153010.36,153010.36,Received,Received,0.0,Matched
WM00111,CLIENT0130,Asset Transfer - External,ETF,1162757.17,BRL,2026-08-23 02:54:09.042550,2026-08-24,Pending Settlement,Settlement,Medium,Middle Office,2026-08-24 03:54:09.042550,,False,,,Trading Platform,25.0,0.88,Outside SLA,High,In Progress,1162757.17,1162757.17,Pending Settlement,Pending Settlement,0.0,Matched
WM00112,CLIENT0022,Cash Transfer,Fixed Income,83088.54,USD,2026-08-30 03:16:09.042550,2026-09-03,Reconciled,Reconciliation,Normal,Middle Office,2026-09-01 23:16:09.042550,2026-08-31 09:16:09.042550,False,,,Custody System,68.0,3.86,Outside SLA,High,Completed,83088.54,83088.54,Reconciled,Reconciled,0.0,Matched
WM00113,CLIENT0087,Portfolio Rebalancing,Cash,109469.21,USD,2026-08-25 07:11:09.042550,2026-08-28,Reconciled,Reconciliation,Normal,Operations,2026-08-27 02:11:09.042550,2026-08-29 14:11:09.042550,False,,,Core Banking,43.0,2.7,Outside SLA,High,Completed,109469.21,109469.21,Reconciled,Reconciled,0.0,Matched
WM00114,CLIENT0021,Cash Transfer,Fixed Income,1833909.18,USD,2026-08-26 05:29:09.042550,2026-08-31,Reconciled,Reconciliation,Normal,Middle Office,2026-08-26 22:29:09.042550,2026-08-28 11:29:09.042550,False,,,Custody System,17.0,4.77,Within SLA,Low,Completed,1833909.18,1833909.18,Reconciled,Reconciled,0.0,Matched
WM00115,CLIENT0135,Fund Purchase,ETF,1019434.53,BRL,2026-08-16 05:48:09.042550,2026-08-20,Completed,Closure,Normal,Client Operations,2026-08-17 21:48:09.042550,2026-08-19 08:48:09.042550,False,,,Core Banking,40.0,3.76,Outside SLA,High,Completed,1019434.53,1019434.53,Completed,Completed,0.0,Matched
WM00116,CLIENT0020,Asset Transfer - Internal,Mutual Fund,1017840.98,BRL,2026-08-24 08:25:09.042550,2026-08-26,Exception,Processing,Critical,Reconciliation,2026-08-25 01:25:09.042550,,True,Asset Position Divergence,Medium,Custody System,17.0,1.65,Within SLA,Critical,Exception,1017840.98,1017840.98,Exception,Exception,0.0,Matched
WM00117,CLIENT0043,Portfolio Rebalancing,ETF,92166.39,USD,2026-08-19 04:06:09.042550,2026-08-24,Pending Settlement,Settlement,Medium,Settlement,2026-08-21 13:06:09.042550,,False,,,Custody System,57.0,4.83,Outside SLA,High,In Progress,92166.39,92166.39,Pending Settlement,Processing,0.0,Status Difference
WM00118,CLIENT0062,Asset Transfer - Internal,ETF,1808428.8,BRL,2026-09-06 08:27:09.042550,2026-09-11,Processing,Processing,Normal,Client Operations,2026-09-08 17:27:09.042550,,False,,,Trading Platform,57.0,4.65,Outside SLA,High,In Progress,1808428.8,1808428.8,Processing,Processing,0.0,Matched
WM00119,CLIENT0052,Cash Transfer,Fixed Income,1746638.83,BRL,2026-09-07 07:45:09.042550,2026-09-12,Completed,Closure,Normal,Middle Office,2026-09-09 07:45:09.042550,2026-09-11 10:45:09.042550,False,,,Custody System,48.0,4.68,Outside SLA,High,Completed,1746638.83,1746638.83,Completed,Completed,0.0,Matched
WM00120,CLIENT0042,Asset Transfer - Internal,ETF,1811085.89,BRL,2026-09-05 10:07:09.042550,2026-09-06,Exception,Processing,Critical,Operations,2026-09-06 15:07:09.042550,,True,Approval Pending,Low,Trading Platform,29.0,0.58,Outside SLA,Critical,Exception,1811085.89,1811085.89,Exception,Exception,0.0,Matched
WM00121,CLIENT0061,Asset Transfer - External,Mutual Fund,752950.78,BRL,2026-09-12 01:39:09.042550,2026-09-13,Completed,Closure,Normal,Client Operations,2026-09-12 14:39:09.042550,2026-09-16 07:39:09.042550,False,,,Custody System,13.0,0.93,Within SLA,Low,Completed,752950.78,752950.78,Completed,Completed,0.0,Matched
WM00122,CLIENT0036,Portfolio Rebalancing,ETF,899959.94,BRL,2026-09-08 03:21:09.042550,2026-09-09,Completed,Closure,Normal,Operations,2026-09-08 06:21:09.042550,2026-09-11 11:21:09.042550,False,,,Trading Platform,3.0,0.86,Within SLA,Low,Completed,899959.94,899959.94,Completed,Completed,0.0,Matched
WM00123,CLIENT0136,Asset Transfer - External,Mutual Fund,1553464.4,BRL,2026-08-18 09:59:09.042550,2026-08-23,Pending Approval,Approval,Medium,Client Operations,2026-08-19 01:59:09.042550,,False,,,Core Banking,16.0,4.58,Within SLA,High,In Progress,1553464.4,1553464.4,Pending Approval,Pending Approval,0.0,Matched
WM00124,CLIENT0029,Asset Transfer - External,Cash,1074427.3,BRL,2026-09-03 10:42:09.042550,2026-09-04,Pending Approval,Approval,Medium,Settlement,2026-09-05 00:42:09.042550,,False,,,Trading Platform,38.0,0.55,Outside SLA,High,In Progress,,,,,0.0,Missing in External System
WM00125,CLIENT0048,Portfolio Rebalancing,Mutual Fund,1049351.69,USD,2026-08-25 04:49:09.042550,2026-08-29,Received,Request Received,Normal,Operations,2026-08-28 00:49:09.042550,,False,,,Custody System,68.0,3.8,Outside SLA,High,In Progress,1049351.69,1049351.69,Received,Received,0.0,Matched
WM00126,CLIENT0100,Asset Transfer - Internal,Equity,1495896.6,USD,2026-08-30 09:14:09.042550,2026-09-03,Settled,Settlement,Normal,Operations,2026-09-01 06:14:09.042550,2026-09-03 10:14:09.042550,False,,,Core Banking,45.0,3.62,Outside SLA,High,Completed,1495896.6,1495896.6,Settled,Settled,0.0,Matched
WM00127,CLIENT0012,Asset Transfer - Internal,Cash,680401.78,BRL,2026-09-03 03:02:09.042550,2026-09-08,Completed,Closure,Normal,Middle Office,2026-09-05 17:02:09.042550,2026-09-06 06:02:09.042550,False,,,Custody System,62.0,4.87,Outside SLA,High,Completed,680401.78,680401.78,Completed,Completed,0.0,Matched
WM00128,CLIENT0010,Asset Transfer - Internal,Fixed Income,92393.52,BRL,2026-08-18 02:58:09.042550,2026-08-22,Pending Approval,Approval,Medium,Operations,2026-08-19 19:58:09.042550,,False,,,Trading Platform,41.0,3.88,Outside SLA,High,In Progress,92393.52,92393.52,Pending Approval,Pending Settlement,0.0,Status Difference
WM00129,CLIENT0074,Asset Transfer - Internal,Mutual Fund,1732267.56,USD,2026-09-09 09:43:09.042550,2026-09-12,Settled,Settlement,Normal,Client Operations,2026-09-10 01:43:09.042550,2026-09-10 13:43:09.042550,False,,,Trading Platform,16.0,2.6,Within SLA,Low,Completed,1732267.56,1732267.56,Settled,Settled,0.0,Matched
WM00130,CLIENT0128,Portfolio Rebalancing,ETF,737857.12,USD,2026-08-26 09:10:09.042550,2026-08-30,Settled,Settlement,Normal,Operations,2026-08-28 16:10:09.042550,2026-08-29 12:10:09.042550,False,,,Core Banking,55.0,3.62,Outside SLA,High,Completed,737857.12,717989.94,Settled,Settled,19867.18,Amount Difference
WM00131,CLIENT0021,Asset Transfer - Internal,Equity,616459.23,USD,2026-09-09 03:47:09.042550,2026-09-12,Settled,Settlement,Normal,Settlement,2026-09-11 12:47:09.042550,2026-09-12 05:47:09.042550,False,,,Trading Platform,57.0,2.84,Outside SLA,High,Completed,616459.23,616459.23,Settled,Settled,0.0,Matched
WM00132,CLIENT0020,Portfolio Rebalancing,ETF,729805.71,BRL,2026-09-06 06:52:09.042550,2026-09-10,Settled,Settlement,Normal,Operations,2026-09-07 01:52:09.042550,2026-09-09 07:52:09.042550,False,,,Custody System,19.0,3.71,Within SLA,Low,Completed,729805.71,729805.71,Settled,Settled,0.0,Matched
WM00133,CLIENT0093,Asset Transfer - External,Cash,69608.72,BRL,2026-08-28 01:21:09.042550,2026-08-29,Completed,Closure,Normal,Middle Office,2026-08-30 01:21:09.042550,2026-08-30 07:21:09.042550,False,,,Trading Platform,48.0,0.94,Outside SLA,High,Completed,69608.72,69608.72,Completed,Completed,0.0,Matched
WM00134,CLIENT0081,Portfolio Rebalancing,Equity,502975.25,BRL,2026-08-16 10:21:09.042550,2026-08-21,Settled,Settlement,Normal,Operations,2026-08-17 10:21:09.042550,2026-08-19 17:21:09.042550,False,,,Trading Platform,24.0,4.57,Within SLA,Low,Completed,502975.25,502975.25,Settled,Settled,0.0,Matched
WM00135,CLIENT0055,Cash Transfer,Equity,1389491.38,USD,2026-09-12 09:20:09.042550,2026-09-15,Settled,Settlement,Normal,Settlement,2026-09-13 01:20:09.042550,2026-09-15 17:20:09.042550,False,,,Core Banking,16.0,2.61,Within SLA,Low,Completed,1389491.38,1389491.38,Settled,Settled,0.0,Matched
WM00136,CLIENT0089,Portfolio Rebalancing,Mutual Fund,1102244.31,USD,2026-08-28 04:10:09.042550,2026-09-01,Completed,Closure,Normal,Client Operations,2026-08-29 01:10:09.042550,2026-08-29 10:10:09.042550,False,,,Custody System,21.0,3.83,Within SLA,Low,Completed,,,,,0.0,Missing in External System
WM00137,CLIENT0032,Fund Redemption,Fixed Income,477288.69,USD,2026-09-05 11:24:09.042550,2026-09-08,Completed,Closure,Normal,Operations,2026-09-07 10:24:09.042550,2026-09-10 15:24:09.042550,False,,,Custody System,47.0,2.52,Outside SLA,High,Completed,477288.69,477288.69,Completed,Completed,0.0,Matched
WM00138,CLIENT0080,Asset Transfer - External,ETF,1053762.83,USD,2026-08-28 09:21:09.042550,2026-09-02,Reconciled,Reconciliation,Normal,Reconciliation,2026-08-28 19:21:09.042550,2026-08-29 11:21:09.042550,False,,,Core Banking,10.0,4.61,Within SLA,Low,Completed,1053762.83,1053762.83,Reconciled,Reconciled,0.0,Matched
WM00139,CLIENT0033,Cash Transfer,Cash,368016.46,BRL,2026-09-03 02:41:09.042550,2026-09-07,Exception,Processing,Critical,Reconciliation,2026-09-03 10:41:09.042550,,True,System Processing Error,High,Core Banking,8.0,3.89,Within SLA,Critical,Exception,368016.46,368016.46,Exception,Exception,0.0,Matched
WM00140,CLIENT0133,Asset Transfer - Internal,Mutual Fund,504957.59,USD,2026-08-23 03:23:09.042550,2026-08-26,Settled,Settlement,Normal,Settlement,2026-08-24 18:23:09.042550,2026-08-25 09:23:09.042550,False,,,Custody System,39.0,2.86,Outside SLA,High,Completed,504957.59,504957.59,Settled,Settled,0.0,Matched
WM00141,CLIENT0044,Portfolio Rebalancing,Cash,1442662.37,USD,2026-08-30 11:23:09.042550,2026-09-04,Reconciled,Reconciliation,Normal,Reconciliation,2026-08-30 17:23:09.042550,2026-09-04 14:23:09.042550,False,,,Core Banking,6.0,4.53,Within SLA,Low,Completed,1442662.37,1442662.37,Reconciled,Reconciled,0.0,Matched
WM00142,CLIENT0068,Portfolio Rebalancing,Fixed Income,1535083.21,USD,2026-09-13 12:02:09.042550,2026-09-18,Validation,Data Validation,Normal,Reconciliation,2026-09-13 16:02:09.042550,,False,,,Trading Platform,4.0,4.5,Within SLA,Low,In Progress,1535083.21,1535083.21,Validation,Validation,0.0,Matched
WM00143,CLIENT0104,Asset Transfer - Internal,ETF,150581.19,BRL,2026-08-31 05:54:09.042550,2026-09-03,Completed,Closure,Normal,Settlement,2026-09-02 14:54:09.042550,2026-09-04 09:54:09.042550,False,,,Trading Platform,57.0,2.75,Outside SLA,High,Completed,150581.19,150581.19,Completed,Completed,0.0,Matched
WM00144,CLIENT0089,Asset Transfer - External,Fixed Income,1522526.66,BRL,2026-08-20 06:51:09.042550,2026-08-22,Settled,Settlement,Normal,Client Operations,2026-08-21 13:51:09.042550,2026-08-23 12:51:09.042550,False,,,Trading Platform,31.0,1.71,Outside SLA,High,Completed,1522526.66,1522526.66,Settled,Settled,0.0,Matched
WM00145,CLIENT0013,Asset Transfer - Internal,ETF,1729006.88,USD,2026-08-28 04:22:09.042550,2026-08-29,Validation,Data Validation,Normal,Settlement,2026-08-29 01:22:09.042550,,False,,,Trading Platform,21.0,0.82,Within SLA,Low,In Progress,1729006.88,1729006.88,Validation,Validation,0.0,Matched
WM00146,CLIENT0128,Asset Transfer - Internal,ETF,51236.71,USD,2026-09-06 06:25:09.042550,2026-09-08,Exception,Processing,Critical,Settlement,2026-09-07 10:25:09.042550,,True,Duplicate Request,Critical,Custody System,28.0,1.73,Outside SLA,Critical,Exception,51236.71,51236.71,Exception,Exception,0.0,Matched
WM00147,CLIENT0121,Asset Transfer - Internal,Cash,21313.92,BRL,2026-08-15 05:44:09.042550,2026-08-20,Processing,Processing,Normal,Middle Office,2026-08-15 23:44:09.042550,,False,,,Trading Platform,18.0,4.76,Within SLA,Low,In Progress,21313.92,21313.92,Processing,Processing,0.0,Matched
WM00148,CLIENT0146,Cash Transfer,Fixed Income,728234.93,USD,2026-09-07 07:36:09.042550,2026-09-08,Completed,Closure,Normal,Operations,2026-09-09 09:36:09.042550,2026-09-11 08:36:09.042550,False,,,Custody System,50.0,0.68,Outside SLA,High,Completed,728234.93,728234.93,Completed,Completed,0.0,Matched
WM00149,CLIENT0033,Fund Purchase,ETF,749530.68,USD,2026-08-31 06:05:09.042550,2026-09-05,Settled,Settlement,Normal,Reconciliation,2026-09-02 05:05:09.042550,2026-09-05 08:05:09.042550,False,,,Core Banking,47.0,4.75,Outside SLA,High,Completed,749530.68,749530.68,Settled,Processing,0.0,Status Difference
WM00150,CLIENT0012,Fund Purchase,Fixed Income,1428615.73,USD,2026-08-30 07:45:09.042550,2026-08-31,Pending Approval,Approval,Medium,Reconciliation,2026-09-01 18:45:09.042550,,False,,,Core Banking,59.0,0.68,Outside SLA,High,In Progress,1428615.73,1428615.73,Pending Approval,Pending Approval,0.0,Matched
WM00151,CLIENT0101,Cash Transfer,Equity,1189480.69,USD,2026-08-30 03:33:09.042550,2026-09-04,Reconciled,Reconciliation,Normal,Reconciliation,2026-08-31 18:33:09.042550,2026-09-02 06:33:09.042550,False,,,Trading Platform,39.0,4.85,Outside SLA,High,Completed,1189480.69,1189480.69,Reconciled,Reconciled,0.0,Matched
WM00152,CLIENT0007,Cash Transfer,ETF,534733.22,BRL,2026-08-25 06:56:09.042550,2026-08-26,Completed,Closure,Normal,Operations,2026-08-27 20:56:09.042550,2026-08-29 11:56:09.042550,False,,,Core Banking,62.0,0.71,Outside SLA,High,Completed,534733.22,534733.22,Completed,Completed,0.0,Matched
WM00153,CLIENT0009,Cash Transfer,Mutual Fund,385614.73,USD,2026-09-06 11:02:09.042550,2026-09-10,Settled,Settlement,Normal,Client Operations,2026-09-08 17:02:09.042550,2026-09-08 15:02:09.042550,False,,,Core Banking,54.0,3.54,Outside SLA,High,Completed,385614.73,385614.73,Settled,Settled,0.0,Matched
WM00154,CLIENT0036,Cash Transfer,Fixed Income,1123969.11,USD,2026-08-20 07:45:09.042550,2026-08-25,Settled,Settlement,Normal,Reconciliation,2026-08-22 08:45:09.042550,2026-08-24 08:45:09.042550,False,,,Trading Platform,49.0,4.68,Outside SLA,High,Completed,1123969.11,1123969.11,Settled,Settled,0.0,Matched
WM00155,CLIENT0124,Fund Redemption,Fixed Income,561617.76,USD,2026-08-28 09:34:09.042550,2026-09-02,Exception,Processing,High,Client Operations,2026-08-29 22:34:09.042550,,True,Invalid Instruction,High,Custody System,37.0,4.6,Outside SLA,Critical,Exception,561617.76,561617.76,Exception,Exception,0.0,Matched
WM00156,CLIENT0090,Cash Transfer,Equity,579139.8,USD,2026-09-05 08:33:09.042550,2026-09-09,Pending Approval,Approval,Medium,Middle Office,2026-09-07 05:33:09.042550,,False,,,Core Banking,45.0,3.64,Outside SLA,High,In Progress,579139.8,579139.8,Pending Approval,Pending Approval,0.0,Matched
WM00157,CLIENT0066,Portfolio Rebalancing,ETF,431903.68,USD,2026-08-23 02:35:09.042550,2026-08-27,Processing,Processing,Normal,Reconciliation,2026-08-24 13:35:09.042550,,False,,,Core Banking,35.0,3.89,Outside SLA,High,In Progress,431903.68,431903.68,Processing,Processing,0.0,Matched
WM00158,CLIENT0013,Portfolio Rebalancing,Cash,455214.93,BRL,2026-09-06 10:28:09.042550,2026-09-08,Validation,Data Validation,Normal,Operations,2026-09-06 23:28:09.042550,,False,,,Trading Platform,13.0,1.56,Within SLA,Low,In Progress,455214.93,455214.93,Validation,Validation,0.0,Matched
WM00159,CLIENT0002,Cash Transfer,Fixed Income,816780.37,USD,2026-08-29 02:56:09.042550,2026-08-31,Processing,Processing,Normal,Middle Office,2026-08-30 04:56:09.042550,,False,,,Trading Platform,26.0,1.88,Outside SLA,High,In Progress,816780.37,816780.37,Processing,Processing,0.0,Matched
WM00160,CLIENT0147,Fund Redemption,Cash,1478679.61,BRL,2026-09-03 02:11:09.042550,2026-09-04,Processing,Processing,Normal,Settlement,2026-09-05 08:11:09.042550,,False,,,Core Banking,54.0,0.91,Outside SLA,High,In Progress,1478679.61,1478679.61,Processing,Processing,0.0,Matched
WM00161,CLIENT0010,Fund Purchase,Equity,1138083.93,BRL,2026-08-15 08:03:09.042550,2026-08-19,Exception,Processing,Critical,Client Operations,2026-08-17 19:03:09.042550,,True,Asset Position Divergence,High,Custody System,59.0,3.66,Outside SLA,Critical,Exception,1138083.93,1138083.93,Exception,Exception,0.0,Matched
WM00162,CLIENT0050,Fund Purchase,Equity,329176.05,USD,2026-08-29 04:07:09.042550,2026-09-03,Reconciled,Reconciliation,Normal,Client Operations,2026-08-30 04:07:09.042550,2026-09-02 09:07:09.042550,False,,,Core Banking,24.0,4.83,Within SLA,Low,Completed,329176.05,329176.05,Reconciled,Reconciled,0.0,Matched
WM00163,CLIENT0110,Cash Transfer,Equity,178041.85,BRL,2026-09-08 05:49:09.042550,2026-09-10,Completed,Closure,Normal,Settlement,2026-09-08 23:49:09.042550,2026-09-10 12:49:09.042550,False,,,Trading Platform,18.0,1.76,Within SLA,Low,Completed,178041.85,178041.85,Completed,Completed,0.0,Matched
WM00164,CLIENT0061,Asset Transfer - External,Equity,1908299.47,USD,2026-08-21 01:29:09.042550,2026-08-25,Processing,Processing,Normal,Reconciliation,2026-08-21 03:29:09.042550,,False,,,Trading Platform,2.0,3.94,Within SLA,Low,In Progress,1908299.47,1885081.48,Processing,Processing,23217.99,Amount Difference
WM00165,CLIENT0041,Asset Transfer - External,Cash,1846596.5,USD,2026-09-05 04:16:09.042550,2026-09-06,Completed,Closure,Normal,Operations,2026-09-06 18:16:09.042550,2026-09-09 09:16:09.042550,False,,,Trading Platform,38.0,0.82,Outside SLA,High,Completed,1846596.5,1846596.5,Completed,Completed,0.0,Matched
WM00166,CLIENT0107,Portfolio Rebalancing,Cash,1826029.79,BRL,2026-08-21 03:43:09.042550,2026-08-23,Completed,Closure,Normal,Settlement,2026-08-21 14:43:09.042550,2026-08-25 09:43:09.042550,False,,,Custody System,11.0,1.85,Within SLA,Low,Completed,1826029.79,1826029.79,Completed,Completed,0.0,Matched
WM00167,CLIENT0141,Cash Transfer,Fixed Income,1147539.84,BRL,2026-09-05 06:17:09.042550,2026-09-10,Settled,Settlement,Normal,Settlement,2026-09-07 00:17:09.042550,2026-09-06 07:17:09.042550,False,,,Custody System,42.0,4.74,Outside SLA,High,Completed,1147539.84,1147539.84,Settled,Settled,0.0,Matched
WM00168,CLIENT0131,Asset Transfer - External,Mutual Fund,909597.44,USD,2026-09-04 04:58:09.042550,2026-09-09,Settled,Settlement,Normal,Middle Office,2026-09-04 12:58:09.042550,2026-09-08 06:58:09.042550,False,,,Custody System,8.0,4.79,Within SLA,Low,Completed,909597.44,909597.44,Settled,Settled,0.0,Matched
WM00169,CLIENT0001,Portfolio Rebalancing,Fixed Income,1158730.97,BRL,2026-09-08 05:59:09.042550,2026-09-09,Settled,Settlement,Normal,Middle Office,2026-09-10 02:59:09.042550,2026-09-12 10:59:09.042550,False,,,Custody System,45.0,0.75,Outside SLA,High,Completed,1158730.97,1158730.97,Settled,Settled,0.0,Matched
WM00170,CLIENT0009,Asset Transfer - Internal,ETF,364062.75,BRL,2026-08-15 03:12:09.042550,2026-08-19,Received,Request Received,Normal,Middle Office,2026-08-17 03:12:09.042550,,False,,,Trading Platform,48.0,3.87,Outside SLA,High,In Progress,364062.75,364062.75,Received,Received,0.0,Matched
WM00171,CLIENT0090,Fund Purchase,Fixed Income,1985729.32,USD,2026-09-12 07:37:09.042550,2026-09-13,Settled,Settlement,Normal,Reconciliation,2026-09-13 00:37:09.042550,2026-09-17 10:37:09.042550,False,,,Custody System,17.0,0.68,Within SLA,Low,Completed,1985729.32,1985729.32,Settled,Settled,0.0,Matched
WM00172,CLIENT0140,Asset Transfer - External,Cash,761656.55,BRL,2026-09-09 02:01:09.042550,2026-09-10,Exception,Processing,High,Middle Office,2026-09-10 23:01:09.042550,,True,Approval Pending,Critical,Core Banking,45.0,0.92,Outside SLA,Critical,Exception,761656.55,761656.55,Exception,Exception,0.0,Matched
WM00173,CLIENT0005,Fund Redemption,Fixed Income,139245.35,BRL,2026-09-12 02:15:09.042550,2026-09-16,Processing,Processing,Normal,Middle Office,2026-09-12 09:15:09.042550,,False,,,Core Banking,7.0,3.91,Within SLA,Low,In Progress,139245.35,139245.35,Processing,Processing,0.0,Matched
WM00174,CLIENT0036,Cash Transfer,Equity,472152.23,USD,2026-08-26 08:27:09.042550,2026-08-31,Completed,Closure,Normal,Reconciliation,2026-08-28 02:27:09.042550,2026-08-28 09:27:09.042550,False,,,Core Banking,42.0,4.65,Outside SLA,High,Completed,472152.23,472152.23,Completed,Completed,0.0,Matched
WM00175,CLIENT0106,Asset Transfer - Internal,Equity,126610.49,BRL,2026-08-18 11:46:09.042550,2026-08-20,Processing,Processing,Normal,Middle Office,2026-08-21 11:46:09.042550,,False,,,Trading Platform,72.0,1.51,Outside SLA,High,In Progress,126610.49,126610.49,Processing,Processing,0.0,Matched
WM00176,CLIENT0135,Asset Transfer - Internal,ETF,819477.06,USD,2026-08-25 11:55:09.042550,2026-08-29,Received,Request Received,Normal,Middle Office,2026-08-26 11:55:09.042550,,False,,,Custody System,24.0,3.5,Within SLA,Low,In Progress,819477.06,808811.24,Received,Received,10665.82,Amount Difference
WM00177,CLIENT0144,Asset Transfer - External,ETF,1116787.08,BRL,2026-09-10 04:32:09.042550,2026-09-12,Settled,Settlement,Normal,Middle Office,2026-09-11 12:32:09.042550,2026-09-14 05:32:09.042550,False,,,Trading Platform,32.0,1.81,Outside SLA,High,Completed,1116787.08,1116787.08,Settled,Settled,0.0,Matched
WM00178,CLIENT0095,Fund Purchase,Cash,1450546.5,BRL,2026-09-03 03:12:09.042550,2026-09-07,Pending Approval,Approval,Medium,Operations,2026-09-04 14:12:09.042550,,False,,,Trading Platform,35.0,3.87,Outside SLA,High,In Progress,1450546.5,1430360.19,Pending Approval,Pending Approval,20186.31,Amount Difference
WM00179,CLIENT0123,Fund Redemption,Equity,609860.11,BRL,2026-09-02 02:08:09.042550,2026-09-03,Completed,Closure,Normal,Settlement,2026-09-03 03:08:09.042550,2026-09-04 06:08:09.042550,False,,,Custody System,25.0,0.91,Outside SLA,High,Completed,609860.11,609860.11,Completed,Completed,0.0,Matched
WM00180,CLIENT0053,Asset Transfer - External,Fixed Income,1106398.19,USD,2026-09-07 09:11:09.042550,2026-09-09,Validation,Data Validation,Normal,Middle Office,2026-09-09 21:11:09.042550,,False,,,Custody System,60.0,1.62,Outside SLA,High,In Progress,1106398.19,1106398.19,Validation,Validation,0.0,Matched
WM00181,CLIENT0026,Portfolio Rebalancing,ETF,1524449.79,USD,2026-08-23 05:36:09.042550,2026-08-28,Completed,Closure,Normal,Settlement,2026-08-25 05:36:09.042550,2026-08-27 13:36:09.042550,False,,,Trading Platform,48.0,4.77,Outside SLA,High,Completed,1524449.79,1524449.79,Completed,Completed,0.0,Matched
WM00182,CLIENT0142,Cash Transfer,Cash,1441423.82,USD,2026-09-01 05:00:09.042550,2026-09-03,Settled,Settlement,Normal,Settlement,2026-09-02 07:00:09.042550,2026-09-02 10:00:09.042550,False,,,Trading Platform,26.0,1.79,Outside SLA,High,Completed,1441423.82,1441423.82,Settled,Settled,0.0,Matched
WM00183,CLIENT0087,Asset Transfer - Internal,ETF,1933183.99,USD,2026-09-01 04:44:09.042550,2026-09-06,Pending Approval,Approval,Medium,Middle Office,2026-09-02 02:44:09.042550,,False,,,Custody System,22.0,4.8,Within SLA,High,In Progress,1933183.99,1933183.99,Pending Approval,Pending Approval,0.0,Matched
WM00184,CLIENT0139,Portfolio Rebalancing,Mutual Fund,1050269.11,BRL,2026-08-19 03:59:09.042550,2026-08-24,Completed,Closure,Normal,Operations,2026-08-19 04:59:09.042550,2026-08-23 06:59:09.042550,False,,,Trading Platform,1.0,4.83,Within SLA,Low,Completed,1050269.11,1050269.11,Completed,Completed,0.0,Matched
WM00185,CLIENT0003,Fund Redemption,Cash,914739.27,BRL,2026-09-03 04:17:09.042550,2026-09-05,Validation,Data Validation,Normal,Reconciliation,2026-09-05 18:17:09.042550,,False,,,Custody System,62.0,1.82,Outside SLA,High,In Progress,914739.27,914739.27,Validation,Validation,0.0,Matched
WM00186,CLIENT0136,Portfolio Rebalancing,Equity,1073797.52,USD,2026-08-14 09:48:09.042550,2026-08-18,Settled,Settlement,Normal,Operations,2026-08-17 02:48:09.042550,2026-08-15 10:48:09.042550,False,,,Custody System,65.0,3.59,Outside SLA,High,Completed,1073797.52,1073797.52,Settled,Settled,0.0,Matched
WM00187,CLIENT0062,Fund Redemption,Cash,1055279.69,USD,2026-09-08 03:19:09.042550,2026-09-09,Completed,Closure,Normal,Client Operations,2026-09-10 06:19:09.042550,2026-09-13 06:19:09.042550,False,,,Core Banking,51.0,0.86,Outside SLA,High,Completed,1055279.69,1006633.71,Completed,Completed,48645.98,Amount Difference
WM00188,CLIENT0058,Asset Transfer - Internal,Mutual Fund,1309202.76,BRL,2026-08-26 08:49:09.042550,2026-08-28,Pending Settlement,Settlement,Medium,Operations,2026-08-28 12:49:09.042550,,False,,,Trading Platform,52.0,1.63,Outside SLA,High,In Progress,1309202.76,1309202.76,Pending Settlement,Pending Settlement,0.0,Matched
WM00189,CLIENT0044,Fund Purchase,ETF,1691432.94,USD,2026-08-29 01:53:09.042550,2026-08-30,Pending Settlement,Settlement,Medium,Reconciliation,2026-08-29 14:53:09.042550,,False,,,Custody System,13.0,0.92,Within SLA,High,In Progress,1691432.94,1691432.94,Pending Settlement,Pending Settlement,0.0,Matched
WM00190,CLIENT0012,Fund Purchase,Equity,1799126.74,BRL,2026-08-21 05:10:09.042550,2026-08-26,Completed,Closure,Normal,Settlement,2026-08-22 22:10:09.042550,2026-08-25 10:10:09.042550,False,,,Core Banking,41.0,4.78,Outside SLA,High,Completed,1799126.74,1799126.74,Completed,Completed,0.0,Matched
WM00191,CLIENT0042,Cash Transfer,Fixed Income,1135558.36,USD,2026-09-01 04:01:09.042550,2026-09-05,Exception,Processing,Critical,Middle Office,2026-09-01 22:01:09.042550,,True,Account Data Mismatch,High,Custody System,18.0,3.83,Within SLA,Critical,Exception,1135558.36,1135558.36,Exception,Processing,0.0,Status Difference
WM00192,CLIENT0020,Asset Transfer - Internal,Cash,1539166.28,USD,2026-08-30 06:16:09.042550,2026-08-31,Completed,Closure,Normal,Client Operations,2026-08-30 10:16:09.042550,2026-09-03 10:16:09.042550,False,,,Custody System,4.0,0.74,Within SLA,Low,Completed,1539166.28,1539166.28,Completed,Completed,0.0,Matched
WM00193,CLIENT0142,Asset Transfer - External,ETF,375547.0,USD,2026-08-28 08:27:09.042550,2026-08-31,Processing,Processing,Normal,Operations,2026-08-29 22:27:09.042550,,False,,,Core Banking,38.0,2.65,Outside SLA,High,In Progress,375547.0,375547.0,Processing,Processing,0.0,Matched
WM00194,CLIENT0082,Asset Transfer - Internal,Mutual Fund,187583.26,USD,2026-08-16 05:22:09.042550,2026-08-20,Completed,Closure,Normal,Middle Office,2026-08-18 04:22:09.042550,2026-08-18 12:22:09.042550,False,,,Trading Platform,47.0,3.78,Outside SLA,High,Completed,187583.26,187583.26,Completed,Completed,0.0,Matched
WM00195,CLIENT0143,Cash Transfer,Cash,819048.13,BRL,2026-08-16 03:40:09.042550,2026-08-20,Validation,Data Validation,Normal,Operations,2026-08-18 01:40:09.042550,,False,,,Custody System,46.0,3.85,Outside SLA,High,In Progress,819048.13,819048.13,Validation,Validation,0.0,Matched
WM00196,CLIENT0004,Asset Transfer - Internal,ETF,778660.12,BRL,2026-09-02 07:08:09.042550,2026-09-06,Validation,Data Validation,Normal,Reconciliation,2026-09-03 15:08:09.042550,,False,,,Custody System,32.0,3.7,Outside SLA,High,In Progress,778660.12,778660.12,Validation,Validation,0.0,Matched
WM00197,CLIENT0069,Asset Transfer - External,Fixed Income,131217.96,USD,2026-09-04 07:23:09.042550,2026-09-06,Settled,Settlement,Normal,Client Operations,2026-09-06 13:23:09.042550,2026-09-07 12:23:09.042550,False,,,Trading Platform,54.0,1.69,Outside SLA,High,Completed,131217.96,131217.96,Settled,Settled,0.0,Matched
WM00198,CLIENT0118,Fund Purchase,Fixed Income,612792.7,USD,2026-08-16 06:29:09.042550,2026-08-18,Settled,Settlement,Normal,Client Operations,2026-08-18 07:29:09.042550,2026-08-20 10:29:09.042550,False,,,Trading Platform,49.0,1.73,Outside SLA,High,Completed,612792.7,612792.7,Settled,Settled,0.0,Matched
WM00199,CLIENT0052,Asset Transfer - External,Equity,359386.36,USD,2026-08-27 11:51:09.042550,2026-08-29,Settled,Settlement,Normal,Client Operations,2026-08-29 01:51:09.042550,2026-08-30 17:51:09.042550,False,,,Custody System,38.0,1.51,Outside SLA,High,Completed,359386.36,359386.36,Settled,Settled,0.0,Matched
WM00200,CLIENT0072,Asset Transfer - External,Equity,232206.21,BRL,2026-08-29 11:03:09.042550,2026-08-31,Completed,Closure,Normal,Reconciliation,2026-09-01 09:03:09.042550,2026-09-01 18:03:09.042550,False,,,Core Banking,70.0,1.54,Outside SLA,High,Completed,232206.21,232206.21,Completed,Completed,0.0,Matched
WM00201,CLIENT0075,Portfolio Rebalancing,Mutual Fund,1638836.31,USD,2026-08-31 01:59:09.042550,2026-09-04,Completed,Closure,Normal,Middle Office,2026-08-31 19:59:09.042550,2026-09-02 09:59:09.042550,False,,,Custody System,18.0,3.92,Within SLA,Low,Completed,1638836.31,1638836.31,Completed,Completed,0.0,Matched
WM00202,CLIENT0097,Fund Purchase,ETF,1981447.73,USD,2026-08-22 11:22:09.042550,2026-08-26,Processing,Processing,Normal,Reconciliation,2026-08-24 15:22:09.042550,,False,,,Custody System,52.0,3.53,Outside SLA,High,In Progress,1981447.73,1981447.73,Processing,Processing,0.0,Matched
WM00203,CLIENT0028,Fund Redemption,Equity,336845.29,BRL,2026-09-12 07:47:09.042550,2026-09-13,Settled,Settlement,Normal,Reconciliation,2026-09-14 11:47:09.042550,2026-09-15 09:47:09.042550,False,,,Trading Platform,52.0,0.68,Outside SLA,High,Completed,336845.29,336845.29,Settled,Settled,0.0,Matched
WM00204,CLIENT0131,Portfolio Rebalancing,Cash,1118196.87,BRL,2026-08-27 02:13:09.042550,2026-08-28,Exception,Processing,Critical,Client Operations,2026-08-29 05:13:09.042550,,True,Approval Pending,Medium,Trading Platform,51.0,0.91,Outside SLA,Critical,Exception,1118196.87,1118196.87,Exception,Exception,0.0,Matched
WM00205,CLIENT0027,Asset Transfer - Internal,ETF,1841492.35,BRL,2026-09-01 09:22:09.042550,2026-09-04,Completed,Closure,Normal,Operations,2026-09-02 04:22:09.042550,2026-09-02 17:22:09.042550,False,,,Trading Platform,19.0,2.61,Within SLA,Low,Completed,1841492.35,1841492.35,Completed,Completed,0.0,Matched
WM00206,CLIENT0090,Asset Transfer - External,Mutual Fund,879141.05,USD,2026-08-28 04:46:09.042550,2026-09-01,Processing,Processing,Normal,Client Operations,2026-08-28 13:46:09.042550,,False,,,Trading Platform,9.0,3.8,Within SLA,Low,In Progress,879141.05,879141.05,Processing,Exception,0.0,Status Difference
WM00207,CLIENT0028,Portfolio Rebalancing,Fixed Income,1860195.28,BRL,2026-09-05 02:14:09.042550,2026-09-08,Received,Request Received,Normal,Reconciliation,2026-09-06 01:14:09.042550,,False,,,Custody System,23.0,2.91,Within SLA,Low,In Progress,1860195.28,1860195.28,Received,Received,0.0,Matched
WM00208,CLIENT0104,Portfolio Rebalancing,Fixed Income,376841.92,USD,2026-08-31 07:42:09.042550,2026-09-02,Validation,Data Validation,Normal,Middle Office,2026-08-31 11:42:09.042550,,False,,,Custody System,4.0,1.68,Within SLA,Low,In Progress,376841.92,376841.92,Validation,Pending Settlement,0.0,Status Difference
WM00209,CLIENT0055,Fund Redemption,Equity,1505889.36,BRL,2026-08-20 08:50:09.042550,2026-08-24,Completed,Closure,Normal,Reconciliation,2026-08-20 22:50:09.042550,2026-08-24 09:50:09.042550,False,,,Custody System,14.0,3.63,Within SLA,Low,Completed,1505889.36,1486703.04,Completed,Completed,19186.32,Amount Difference
WM00210,CLIENT0068,Portfolio Rebalancing,ETF,1057791.46,USD,2026-08-24 04:42:09.042550,2026-08-25,Pending Approval,Approval,Medium,Reconciliation,2026-08-26 06:42:09.042550,,False,,,Custody System,50.0,0.8,Outside SLA,High,In Progress,1057791.46,1057791.46,Pending Approval,Pending Approval,0.0,Matched
WM00211,CLIENT0045,Portfolio Rebalancing,Equity,1837771.75,BRL,2026-08-17 06:35:09.042550,2026-08-21,Pending Settlement,Settlement,Medium,Settlement,2026-08-18 23:35:09.042550,,False,,,Core Banking,41.0,3.73,Outside SLA,High,In Progress,1837771.75,1789712.14,Pending Settlement,Pending Settlement,48059.61,Amount Difference
WM00212,CLIENT0131,Asset Transfer - External,ETF,1194869.51,USD,2026-08-17 03:36:09.042550,2026-08-19,Pending Approval,Approval,Medium,Middle Office,2026-08-18 03:36:09.042550,,False,,,Trading Platform,24.0,1.85,Within SLA,High,In Progress,1194869.51,1194869.51,Pending Approval,Exception,0.0,Status Difference
WM00213,CLIENT0126,Asset Transfer - Internal,Fixed Income,378261.67,USD,2026-09-05 12:12:09.042550,2026-09-07,Completed,Closure,Normal,Reconciliation,2026-09-05 19:12:09.042550,2026-09-10 15:12:09.042550,False,,,Trading Platform,7.0,1.49,Within SLA,Low,Completed,378261.67,378261.67,Completed,Completed,0.0,Matched
WM00214,CLIENT0105,Portfolio Rebalancing,ETF,834182.72,USD,2026-08-29 03:25:09.042550,2026-09-02,Exception,Processing,Critical,Settlement,2026-08-29 14:25:09.042550,,True,System Processing Error,Critical,Custody System,11.0,3.86,Within SLA,Critical,Exception,834182.72,834182.72,Exception,Exception,0.0,Matched
WM00215,CLIENT0071,Fund Redemption,Cash,580897.27,USD,2026-09-07 04:31:09.042550,2026-09-08,Received,Request Received,Normal,Reconciliation,2026-09-09 20:31:09.042550,,False,,,Custody System,64.0,0.81,Outside SLA,High,In Progress,580897.27,580897.27,Received,Received,0.0,Matched
WM00216,CLIENT0113,Cash Transfer,Fixed Income,1979602.58,BRL,2026-09-01 02:30:09.042550,2026-09-06,Settled,Settlement,Normal,Settlement,2026-09-02 17:30:09.042550,2026-09-04 03:30:09.042550,False,,,Core Banking,39.0,4.9,Outside SLA,High,Completed,1979602.58,1979602.58,Settled,Settled,0.0,Matched
WM00217,CLIENT0090,Portfolio Rebalancing,Cash,1267377.41,BRL,2026-08-25 02:41:09.042550,2026-08-26,Settled,Settlement,Normal,Reconciliation,2026-08-25 20:41:09.042550,2026-08-27 06:41:09.042550,False,,,Core Banking,18.0,0.89,Within SLA,Low,Completed,1267377.41,1267377.41,Settled,Settled,0.0,Matched
WM00218,CLIENT0138,Fund Redemption,Equity,1958105.31,USD,2026-09-08 01:49:09.042550,2026-09-11,Completed,Closure,Normal,Client Operations,2026-09-09 12:49:09.042550,2026-09-13 06:49:09.042550,False,,,Custody System,35.0,2.92,Outside SLA,High,Completed,1958105.31,1958105.31,Completed,Completed,0.0,Matched
WM00219,CLIENT0016,Asset Transfer - Internal,Fixed Income,1404345.92,BRL,2026-09-04 02:21:09.042550,2026-09-08,Cancelled,Closure,Normal,Settlement,2026-09-04 21:21:09.042550,,False,,,Custody System,19.0,3.9,Within SLA,Low,Cancelled,1404345.92,1404345.92,Cancelled,Pending Settlement,0.0,Status Difference
WM00220,CLIENT0037,Cash Transfer,Equity,1257486.58,USD,2026-08-21 11:38:09.042550,2026-08-25,Processing,Processing,Normal,Middle Office,2026-08-21 21:38:09.042550,,False,,,Custody System,10.0,3.52,Within SLA,Low,In Progress,1257486.58,1257486.58,Processing,Processing,0.0,Matched
WM00221,CLIENT0117,Asset Transfer - External,Equity,1166001.31,BRL,2026-09-07 02:38:09.042550,2026-09-12,Completed,Closure,Normal,Middle Office,2026-09-09 00:38:09.042550,2026-09-10 08:38:09.042550,False,,,Core Banking,46.0,4.89,Outside SLA,High,Completed,1166001.31,1166001.31,Completed,Completed,0.0,Matched
WM00222,CLIENT0083,Asset Transfer - Internal,Equity,1096884.52,BRL,2026-08-26 04:40:09.042550,2026-08-28,Completed,Closure,Normal,Reconciliation,2026-08-28 19:40:09.042550,2026-08-30 09:40:09.042550,False,,,Trading Platform,63.0,1.81,Outside SLA,High,Completed,1096884.52,1096884.52,Completed,Completed,0.0,Matched
WM00223,CLIENT0032,Fund Redemption,ETF,915753.68,USD,2026-09-07 01:15:09.042550,2026-09-08,Completed,Closure,Normal,Settlement,2026-09-07 18:15:09.042550,2026-09-11 02:15:09.042550,False,,,Custody System,17.0,0.95,Within SLA,Low,Completed,915753.68,915753.68,Completed,Completed,0.0,Matched
WM00224,CLIENT0065,Fund Purchase,Equity,1330695.08,BRL,2026-09-10 05:18:09.042550,2026-09-13,Processing,Processing,Normal,Operations,2026-09-12 08:18:09.042550,,False,,,Custody System,51.0,2.78,Outside SLA,High,In Progress,1330695.08,1330695.08,Processing,Processing,0.0,Matched
WM00225,CLIENT0025,Fund Purchase,Fixed Income,956229.38,BRL,2026-09-05 04:40:09.042550,2026-09-06,Processing,Processing,Normal,Reconciliation,2026-09-06 09:40:09.042550,,False,,,Custody System,29.0,0.81,Outside SLA,High,In Progress,956229.38,956229.38,Processing,Processing,0.0,Matched
WM00226,CLIENT0034,Asset Transfer - External,Mutual Fund,461749.0,BRL,2026-08-14 01:57:09.042550,2026-08-17,Completed,Closure,Normal,Operations,2026-08-14 15:57:09.042550,2026-08-15 08:57:09.042550,False,,,Trading Platform,14.0,2.92,Within SLA,Low,Completed,461749.0,461749.0,Completed,Pending Settlement,0.0,Status Difference
WM00227,CLIENT0037,Fund Purchase,Cash,1128765.97,BRL,2026-08-23 03:37:09.042550,2026-08-25,Pending Settlement,Settlement,Medium,Middle Office,2026-08-25 00:37:09.042550,,False,,,Custody System,45.0,1.85,Outside SLA,High,In Progress,1128765.97,1128765.97,Pending Settlement,Pending Settlement,0.0,Matched
WM00228,CLIENT0114,Fund Redemption,Mutual Fund,1793702.93,BRL,2026-09-06 04:11:09.042550,2026-09-10,Pending Approval,Approval,Medium,Operations,2026-09-08 06:11:09.042550,,False,,,Trading Platform,50.0,3.83,Outside SLA,High,In Progress,1793702.93,1793702.93,Pending Approval,Pending Approval,0.0,Matched
WM00229,CLIENT0142,Cash Transfer,Cash,1443753.38,USD,2026-08-24 03:28:09.042550,2026-08-27,Exception,Processing,High,Client Operations,2026-08-25 06:28:09.042550,,True,Account Data Mismatch,Medium,Custody System,27.0,2.86,Outside SLA,Critical,Exception,1443753.38,1443753.38,Exception,Exception,0.0,Matched
WM00230,CLIENT0099,Fund Purchase,Fixed Income,1001667.17,BRL,2026-08-20 07:31:09.042550,2026-08-21,Reconciled,Reconciliation,Normal,Reconciliation,2026-08-20 09:31:09.042550,2026-08-22 15:31:09.042550,False,,,Trading Platform,2.0,0.69,Within SLA,Low,Completed,1001667.17,1001667.17,Reconciled,Reconciled,0.0,Matched
WM00231,CLIENT0140,Portfolio Rebalancing,Fixed Income,1526638.25,BRL,2026-08-18 08:08:09.042550,2026-08-23,Exception,Processing,High,Reconciliation,2026-08-18 17:08:09.042550,,True,Insufficient Position,High,Core Banking,9.0,4.66,Within SLA,Critical,Exception,1526638.25,1526638.25,Exception,Exception,0.0,Matched
WM00232,CLIENT0130,Asset Transfer - Internal,Cash,1535384.45,USD,2026-08-15 02:03:09.042550,2026-08-19,Processing,Processing,Normal,Middle Office,2026-08-15 13:03:09.042550,,False,,,Custody System,11.0,3.91,Within SLA,Low,In Progress,1535384.45,1535384.45,Processing,Processing,0.0,Matched
WM00233,CLIENT0131,Fund Redemption,Fixed Income,1075098.39,USD,2026-09-02 03:30:09.042550,2026-09-03,Reconciled,Reconciliation,Normal,Reconciliation,2026-09-02 12:30:09.042550,2026-09-05 05:30:09.042550,False,,,Trading Platform,9.0,0.85,Within SLA,Low,Completed,1075098.39,1075098.39,Reconciled,Reconciled,0.0,Matched
WM00234,CLIENT0030,Asset Transfer - External,Cash,1219620.65,USD,2026-09-06 04:16:09.042550,2026-09-08,Completed,Closure,Normal,Settlement,2026-09-06 20:16:09.042550,2026-09-07 11:16:09.042550,False,,,Core Banking,16.0,1.82,Within SLA,Low,Completed,1219620.65,1219620.65,Completed,Completed,0.0,Matched
WM00235,CLIENT0043,Asset Transfer - Internal,Fixed Income,1500803.89,USD,2026-09-05 01:23:09.042550,2026-09-09,Completed,Closure,Normal,Operations,2026-09-05 05:23:09.042550,2026-09-08 06:23:09.042550,False,,,Trading Platform,4.0,3.94,Within SLA,Low,Completed,1500803.89,1500803.89,Completed,Completed,0.0,Matched
WM00236,CLIENT0128,Asset Transfer - External,Cash,723447.17,USD,2026-08-22 09:17:09.042550,2026-08-25,Completed,Closure,Normal,Reconciliation,2026-08-23 07:17:09.042550,2026-08-27 11:17:09.042550,False,,,Trading Platform,22.0,2.61,Within SLA,Low,Completed,723447.17,723447.17,Completed,Completed,0.0,Matched
WM00237,CLIENT0030,Fund Redemption,Cash,10124.17,BRL,2026-09-07 03:10:09.042550,2026-09-12,Validation,Data Validation,Normal,Settlement,2026-09-07 09:10:09.042550,,False,,,Trading Platform,6.0,4.87,Within SLA,Low,In Progress,10124.17,10124.17,Validation,Validation,0.0,Matched
WM00238,CLIENT0142,Portfolio Rebalancing,ETF,452908.05,BRL,2026-09-12 03:24:09.042550,2026-09-13,Pending Settlement,Settlement,Medium,Middle Office,2026-09-13 20:24:09.042550,,False,,,Trading Platform,41.0,0.86,Outside SLA,High,In Progress,452908.05,452908.05,Pending Settlement,Pending Settlement,0.0,Matched
WM00239,CLIENT0058,Cash Transfer,Mutual Fund,1908388.42,BRL,2026-09-01 06:20:09.042550,2026-09-06,Completed,Closure,Normal,Middle Office,2026-09-02 19:20:09.042550,2026-09-02 09:20:09.042550,False,,,Trading Platform,37.0,4.74,Outside SLA,High,Completed,1908388.42,1908388.42,Completed,Completed,0.0,Matched
WM00240,CLIENT0052,Asset Transfer - Internal,Cash,1570091.9,BRL,2026-08-31 08:13:09.042550,2026-09-03,Processing,Processing,Normal,Middle Office,2026-09-02 08:13:09.042550,,False,,,Custody System,48.0,2.66,Outside SLA,High,In Progress,1570091.9,1570091.9,Processing,Processing,0.0,Matched
WM00241,CLIENT0002,Asset Transfer - External,Mutual Fund,469830.5,USD,2026-09-07 04:59:09.042550,2026-09-12,Exception,Processing,High,Client Operations,2026-09-07 05:59:09.042550,,True,Settlement Delay,Medium,Custody System,1.0,4.79,Within SLA,Critical,Exception,,,,,0.0,Missing in External System
WM00242,CLIENT0136,Fund Redemption,ETF,986597.61,BRL,2026-09-06 05:19:09.042550,2026-09-08,Pending Settlement,Settlement,Medium,Settlement,2026-09-07 17:19:09.042550,,False,,,Core Banking,36.0,1.78,Outside SLA,High,In Progress,986597.61,986597.61,Pending Settlement,Pending Settlement,0.0,Matched
WM00243,CLIENT0118,Portfolio Rebalancing,Mutual Fund,1163637.4,BRL,2026-08-21 09:39:09.042550,2026-08-24,Received,Request Received,Normal,Middle Office,2026-08-21 19:39:09.042550,,False,,,Custody System,10.0,2.6,Within SLA,Low,In Progress,1163637.4,1163637.4,Received,Received,0.0,Matched
WM00244,CLIENT0081,Asset Transfer - External,Equity,639525.15,USD,2026-08-27 11:21:09.042550,2026-08-29,Reconciled,Reconciliation,Normal,Settlement,2026-08-27 21:21:09.042550,2026-08-30 16:21:09.042550,False,,,Core Banking,10.0,1.53,Within SLA,Low,Completed,639525.15,639525.15,Reconciled,Reconciled,0.0,Matched
WM00245,CLIENT0028,Fund Redemption,ETF,934779.95,USD,2026-09-07 10:19:09.042550,2026-09-09,Validation,Data Validation,Normal,Operations,2026-09-10 07:19:09.042550,,False,,,Trading Platform,69.0,1.57,Outside SLA,High,In Progress,934779.95,934779.95,Validation,Validation,0.0,Matched
WM00246,CLIENT0024,Fund Redemption,Equity,1653641.44,BRL,2026-08-20 08:32:09.042550,2026-08-24,Exception,Processing,High,Client Operations,2026-08-21 03:32:09.042550,,True,Approval Pending,Low,Core Banking,19.0,3.64,Within SLA,Critical,Exception,1653641.44,1653641.44,Exception,Pending Settlement,0.0,Status Difference
WM00247,CLIENT0067,Fund Redemption,Mutual Fund,1904432.73,USD,2026-09-13 06:38:09.042550,2026-09-18,Completed,Closure,Normal,Reconciliation,2026-09-16 05:38:09.042550,2026-09-14 11:38:09.042550,False,,,Core Banking,71.0,4.72,Outside SLA,High,Completed,1904432.73,1904432.73,Completed,Pending Settlement,0.0,Status Difference
WM00248,CLIENT0016,Fund Redemption,Fixed Income,400275.41,USD,2026-08-17 03:20:09.042550,2026-08-18,Validation,Data Validation,Normal,Client Operations,2026-08-17 14:20:09.042550,,False,,,Custody System,11.0,0.86,Within SLA,Low,In Progress,400275.41,400275.41,Validation,Validation,0.0,Matched
WM00249,CLIENT0033,Fund Purchase,Equity,249442.68,USD,2026-09-12 02:14:09.042550,2026-09-13,Reconciled,Reconciliation,Normal,Operations,2026-09-13 00:14:09.042550,2026-09-14 10:14:09.042550,False,,,Custody System,22.0,0.91,Within SLA,Low,Completed,249442.68,239540.64,Reconciled,Reconciled,9902.04,Amount Difference
WM00250,CLIENT0045,Asset Transfer - Internal,Fixed Income,1817066.91,USD,2026-09-06 07:44:09.042550,2026-09-07,Settled,Settlement,Normal,Client Operations,2026-09-08 17:44:09.042550,2026-09-10 14:44:09.042550,False,,,Core Banking,58.0,0.68,Outside SLA,High,Completed,1817066.91,1817066.91,Settled,Settled,0.0,Matched
WM00251,CLIENT0128,Asset Transfer - External,Cash,960666.71,BRL,2026-09-02 10:28:09.042550,2026-09-05,Received,Request Received,Normal,Client Operations,2026-09-04 12:28:09.042550,,False,,,Core Banking,50.0,2.56,Outside SLA,High,In Progress,960666.71,960666.71,Received,Received,0.0,Matched
WM00252,CLIENT0092,Asset Transfer - External,Cash,1563963.04,USD,2026-09-03 09:28:09.042550,2026-09-08,Settled,Settlement,Normal,Reconciliation,2026-09-06 02:28:09.042550,2026-09-04 16:28:09.042550,False,,,Trading Platform,65.0,4.61,Outside SLA,High,Completed,1563963.04,1563963.04,Settled,Settled,0.0,Matched
WM00253,CLIENT0057,Fund Purchase,Equity,121889.5,USD,2026-08-19 01:33:09.042550,2026-08-24,Pending Settlement,Settlement,Medium,Reconciliation,2026-08-20 23:33:09.042550,,False,,,Custody System,46.0,4.94,Outside SLA,High,In Progress,121889.5,121889.5,Pending Settlement,Pending Settlement,0.0,Matched
WM00254,CLIENT0069,Cash Transfer,Mutual Fund,1529279.2,BRL,2026-08-19 02:28:09.042550,2026-08-21,Cancelled,Closure,Normal,Reconciliation,2026-08-21 04:28:09.042550,,False,,,Trading Platform,50.0,1.9,Outside SLA,High,Cancelled,1529279.2,1529279.2,Cancelled,Cancelled,0.0,Matched
WM00255,CLIENT0008,Portfolio Rebalancing,Equity,1895379.68,BRL,2026-09-10 03:24:09.042550,2026-09-12,Exception,Processing,High,Middle Office,2026-09-13 01:24:09.042550,,True,Invalid Instruction,High,Trading Platform,70.0,1.86,Outside SLA,Critical,Exception,1895379.68,1838108.2,Exception,Exception,57271.48,Amount Difference
WM00256,CLIENT0057,Fund Purchase,Cash,958588.03,USD,2026-08-15 02:16:09.042550,2026-08-17,Validation,Data Validation,Normal,Reconciliation,2026-08-16 04:16:09.042550,,False,,,Core Banking,26.0,1.91,Outside SLA,High,In Progress,958588.03,958588.03,Validation,Validation,0.0,Matched
WM00257,CLIENT0038,Cash Transfer,Fixed Income,1549861.17,USD,2026-08-19 06:16:09.042550,2026-08-20,Processing,Processing,Normal,Operations,2026-08-21 06:16:09.042550,,False,,,Custody System,48.0,0.74,Outside SLA,High,In Progress,1549861.17,1549861.17,Processing,Pending Settlement,0.0,Status Difference
WM00258,CLIENT0035,Fund Redemption,ETF,1584725.84,USD,2026-08-26 10:19:09.042550,2026-08-29,Exception,Processing,Critical,Settlement,2026-08-29 10:19:09.042550,,True,Approval Pending,High,Custody System,72.0,2.57,Outside SLA,Critical,Exception,1584725.84,1584725.84,Exception,Exception,0.0,Matched
WM00259,CLIENT0079,Portfolio Rebalancing,Equity,259059.99,BRL,2026-09-02 06:27:09.042550,2026-09-07,Completed,Closure,Normal,Reconciliation,2026-09-04 09:27:09.042550,2026-09-04 13:27:09.042550,False,,,Custody System,51.0,4.73,Outside SLA,High,Completed,259059.99,259059.99,Completed,Completed,0.0,Matched
WM00260,CLIENT0057,Portfolio Rebalancing,Cash,212699.91,USD,2026-09-02 07:11:09.042550,2026-09-07,Received,Request Received,Normal,Settlement,2026-09-04 02:11:09.042550,,False,,,Custody System,43.0,4.7,Outside SLA,High,In Progress,212699.91,212699.91,Received,Received,0.0,Matched
WM00261,CLIENT0086,Asset Transfer - External,Mutual Fund,534098.82,BRL,2026-08-25 06:23:09.042550,2026-08-26,Received,Request Received,Normal,Operations,2026-08-27 03:23:09.042550,,False,,,Trading Platform,45.0,0.73,Outside SLA,High,In Progress,534098.82,534098.82,Received,Received,0.0,Matched
WM00262,CLIENT0043,Asset Transfer - External,ETF,1764132.46,USD,2026-09-06 01:16:09.042550,2026-09-10,Completed,Closure,Normal,Reconciliation,2026-09-08 02:16:09.042550,2026-09-10 08:16:09.042550,False,,,Core Banking,49.0,3.95,Outside SLA,High,Completed,1764132.46,1764132.46,Completed,Completed,0.0,Matched
WM00263,CLIENT0019,Fund Purchase,Equity,45055.61,USD,2026-09-08 10:54:09.042550,2026-09-10,Completed,Closure,Normal,Operations,2026-09-08 20:54:09.042550,2026-09-10 18:54:09.042550,False,,,Trading Platform,10.0,1.55,Within SLA,Low,Completed,45055.61,45055.61,Completed,Completed,0.0,Matched
WM00264,CLIENT0141,Fund Purchase,Equity,1190090.94,USD,2026-08-26 03:59:09.042550,2026-08-27,Validation,Data Validation,Normal,Operations,2026-08-28 11:59:09.042550,,False,,,Custody System,56.0,0.83,Outside SLA,High,In Progress,1190090.94,1190090.94,Validation,Validation,0.0,Matched
WM00265,CLIENT0026,Asset Transfer - Internal,Fixed Income,1948924.85,USD,2026-09-11 07:23:09.042550,2026-09-12,Validation,Data Validation,Normal,Reconciliation,2026-09-14 05:23:09.042550,,False,,,Trading Platform,70.0,0.69,Outside SLA,High,In Progress,1948924.85,1948924.85,Validation,Validation,0.0,Matched
WM00266,CLIENT0040,Fund Purchase,Equity,12612.07,BRL,2026-08-23 04:19:09.042550,2026-08-24,Completed,Closure,Normal,Client Operations,2026-08-25 18:19:09.042550,2026-08-27 12:19:09.042550,False,,,Core Banking,62.0,0.82,Outside SLA,High,Completed,12612.07,12612.07,Completed,Completed,0.0,Matched
WM00267,CLIENT0021,Asset Transfer - External,Mutual Fund,620165.03,USD,2026-08-20 03:53:09.042550,2026-08-23,Validation,Data Validation,Normal,Middle Office,2026-08-22 18:53:09.042550,,False,,,Custody System,63.0,2.84,Outside SLA,High,In Progress,620165.03,620165.03,Validation,Validation,0.0,Matched
WM00268,CLIENT0095,Asset Transfer - External,Equity,377232.97,BRL,2026-09-03 09:37:09.042550,2026-09-05,Processing,Processing,Normal,Client Operations,2026-09-05 18:37:09.042550,,False,,,Trading Platform,57.0,1.6,Outside SLA,High,In Progress,377232.97,377232.97,Processing,Processing,0.0,Matched
WM00269,CLIENT0039,Portfolio Rebalancing,Mutual Fund,175986.09,USD,2026-09-09 05:49:09.042550,2026-09-10,Processing,Processing,Normal,Reconciliation,2026-09-11 10:49:09.042550,,False,,,Custody System,53.0,0.76,Outside SLA,High,In Progress,175986.09,175986.09,Processing,Processing,0.0,Matched
WM00270,CLIENT0108,Cash Transfer,ETF,1147565.01,BRL,2026-08-15 08:05:09.042550,2026-08-20,Pending Approval,Approval,Medium,Middle Office,2026-08-16 23:05:09.042550,,False,,,Core Banking,39.0,4.66,Outside SLA,High,In Progress,1147565.01,1094596.69,Pending Approval,Pending Approval,52968.32,Amount Difference
WM00271,CLIENT0133,Cash Transfer,Cash,299158.07,USD,2026-09-10 01:45:09.042550,2026-09-15,Pending Settlement,Settlement,Medium,Settlement,2026-09-10 23:45:09.042550,,False,,,Core Banking,22.0,4.93,Within SLA,High,In Progress,299158.07,299158.07,Pending Settlement,Pending Settlement,0.0,Matched
WM00272,CLIENT0038,Cash Transfer,Equity,642900.23,BRL,2026-08-18 01:40:09.042550,2026-08-19,Completed,Closure,Normal,Operations,2026-08-20 03:40:09.042550,2026-08-22 05:40:09.042550,False,,,Custody System,50.0,0.93,Outside SLA,High,Completed,642900.23,621491.41,Completed,Completed,21408.82,Amount Difference
WM00273,CLIENT0004,Portfolio Rebalancing,Cash,1177214.3,USD,2026-08-24 05:46:09.042550,2026-08-28,Pending Settlement,Settlement,Medium,Operations,2026-08-26 11:46:09.042550,,False,,,Core Banking,54.0,3.76,Outside SLA,High,In Progress,1177214.3,1177214.3,Pending Settlement,Pending Settlement,0.0,Matched
WM00274,CLIENT0028,Cash Transfer,Mutual Fund,1572562.53,USD,2026-09-01 11:01:09.042550,2026-09-02,Validation,Data Validation,Normal,Middle Office,2026-09-02 21:01:09.042550,,False,,,Trading Platform,34.0,0.54,Outside SLA,High,In Progress,1572562.53,1572562.53,Validation,Validation,0.0,Matched
WM00275,CLIENT0104,Fund Redemption,Cash,1219267.25,USD,2026-09-01 10:43:09.042550,2026-09-02,Completed,Closure,Normal,Operations,2026-09-03 13:43:09.042550,2026-09-03 15:43:09.042550,False,,,Trading Platform,51.0,0.55,Outside SLA,High,Completed,1219267.25,1219267.25,Completed,Completed,0.0,Matched
WM00276,CLIENT0087,Asset Transfer - Internal,Equity,564291.57,USD,2026-08-15 09:11:09.042550,2026-08-18,Completed,Closure,Normal,Operations,2026-08-16 15:11:09.042550,2026-08-18 10:11:09.042550,False,,,Core Banking,30.0,2.62,Outside SLA,High,Completed,564291.57,540678.85,Completed,Completed,23612.72,Amount Difference
WM00277,CLIENT0069,Portfolio Rebalancing,ETF,1211933.37,BRL,2026-09-06 09:02:09.042550,2026-09-09,Processing,Processing,Normal,Settlement,2026-09-08 18:02:09.042550,,False,,,Core Banking,57.0,2.62,Outside SLA,High,In Progress,1211933.37,1156236.57,Processing,Processing,55696.8,Amount Difference
WM00278,CLIENT0132,Fund Redemption,Mutual Fund,625690.57,USD,2026-08-27 09:01:09.042550,2026-09-01,Completed,Closure,Normal,Settlement,2026-08-30 05:01:09.042550,2026-08-30 10:01:09.042550,False,,,Custody System,68.0,4.62,Outside SLA,High,Completed,625690.57,625690.57,Completed,Completed,0.0,Matched
WM00279,CLIENT0064,Fund Purchase,ETF,105865.77,USD,2026-08-20 05:06:09.042550,2026-08-21,Received,Request Received,Normal,Settlement,2026-08-21 17:06:09.042550,,False,,,Trading Platform,36.0,0.79,Outside SLA,High,In Progress,105865.77,105865.77,Received,Received,0.0,Matched
WM00280,CLIENT0096,Asset Transfer - External,Cash,894976.35,USD,2026-08-30 07:53:09.042550,2026-08-31,Completed,Closure,Normal,Reconciliation,2026-09-02 06:53:09.042550,2026-08-31 11:53:09.042550,False,,,Trading Platform,71.0,0.67,Outside SLA,High,Completed,894976.35,894976.35,Completed,Completed,0.0,Matched
WM00281,CLIENT0073,Fund Purchase,ETF,104053.83,BRL,2026-09-09 06:00:09.042550,2026-09-10,Processing,Processing,Normal,Settlement,2026-09-10 11:00:09.042550,,False,,,Custody System,29.0,0.75,Outside SLA,High,In Progress,104053.83,104053.83,Processing,Processing,0.0,Matched
WM00282,CLIENT0003,Asset Transfer - External,Fixed Income,1296506.25,BRL,2026-09-03 07:45:09.042550,2026-09-04,Pending Approval,Approval,Medium,Settlement,2026-09-04 16:45:09.042550,,False,,,Custody System,33.0,0.68,Outside SLA,High,In Progress,1296506.25,1262466.35,Pending Approval,Pending Approval,34039.9,Amount Difference
WM00283,CLIENT0118,Asset Transfer - Internal,Fixed Income,936062.54,USD,2026-08-23 11:30:09.042550,2026-08-27,Completed,Closure,Normal,Reconciliation,2026-08-24 01:30:09.042550,2026-08-27 17:30:09.042550,False,,,Core Banking,14.0,3.52,Within SLA,Low,Completed,936062.54,936062.54,Completed,Completed,0.0,Matched
WM00284,CLIENT0077,Portfolio Rebalancing,Mutual Fund,966068.15,USD,2026-09-04 06:48:09.042550,2026-09-09,Settled,Settlement,Normal,Client Operations,2026-09-06 00:48:09.042550,2026-09-09 11:48:09.042550,False,,,Trading Platform,42.0,4.72,Outside SLA,High,Completed,966068.15,966068.15,Settled,Settled,0.0,Matched
WM00285,CLIENT0039,Cash Transfer,Fixed Income,1799875.65,USD,2026-09-05 11:32:09.042550,2026-09-07,Processing,Processing,Normal,Client Operations,2026-09-06 05:32:09.042550,,False,,,Custody System,18.0,1.52,Within SLA,Low,In Progress,1799875.65,1799875.65,Processing,Pending Settlement,0.0,Status Difference
WM00286,CLIENT0104,Asset Transfer - External,Mutual Fund,1168132.29,BRL,2026-08-29 05:29:09.042550,2026-09-02,Received,Request Received,Normal,Client Operations,2026-08-30 10:29:09.042550,,False,,,Custody System,29.0,3.77,Outside SLA,High,In Progress,,,,,0.0,Missing in External System
WM00287,CLIENT0044,Portfolio Rebalancing,Cash,366366.04,BRL,2026-09-08 09:11:09.042550,2026-09-11,Reconciled,Reconciliation,Normal,Middle Office,2026-09-09 02:11:09.042550,2026-09-13 14:11:09.042550,False,,,Custody System,17.0,2.62,Within SLA,Low,Completed,366366.04,366366.04,Reconciled,Reconciled,0.0,Matched
WM00288,CLIENT0086,Portfolio Rebalancing,Mutual Fund,448395.76,BRL,2026-09-08 10:01:09.042550,2026-09-10,Processing,Processing,Normal,Client Operations,2026-09-10 16:01:09.042550,,False,,,Trading Platform,54.0,1.58,Outside SLA,High,In Progress,448395.76,443467.24,Processing,Processing,4928.52,Amount Difference
WM00289,CLIENT0121,Fund Purchase,Cash,1162724.65,BRL,2026-09-01 05:42:09.042550,2026-09-02,Pending Settlement,Settlement,Medium,Middle Office,2026-09-02 06:42:09.042550,,False,,,Custody System,25.0,0.76,Outside SLA,High,In Progress,1162724.65,1162724.65,Pending Settlement,Pending Settlement,0.0,Matched
WM00290,CLIENT0106,Fund Purchase,Fixed Income,279043.69,BRL,2026-09-04 07:46:09.042550,2026-09-07,Validation,Data Validation,Normal,Client Operations,2026-09-06 12:46:09.042550,,False,,,Custody System,53.0,2.68,Outside SLA,High,In Progress,279043.69,279043.69,Validation,Validation,0.0,Matched
WM00291,CLIENT0086,Portfolio Rebalancing,Fixed Income,630261.07,BRL,2026-08-28 03:33:09.042550,2026-08-30,Completed,Closure,Normal,Operations,2026-08-30 13:33:09.042550,2026-08-29 11:33:09.042550,False,,,Trading Platform,58.0,1.85,Outside SLA,High,Completed,630261.07,630261.07,Completed,Exception,0.0,Status Difference
WM00292,CLIENT0126,Fund Purchase,Fixed Income,1230887.08,USD,2026-09-07 03:49:09.042550,2026-09-09,Pending Approval,Approval,Medium,Middle Office,2026-09-09 10:49:09.042550,,False,,,Trading Platform,55.0,1.84,Outside SLA,High,In Progress,1230887.08,1178660.57,Pending Approval,Pending Approval,52226.51,Amount Difference
WM00293,CLIENT0004,Asset Transfer - Internal,Cash,385200.54,BRL,2026-08-15 09:25:09.042550,2026-08-18,Pending Settlement,Settlement,Medium,Settlement,2026-08-16 14:25:09.042550,,False,,,Custody System,29.0,2.61,Outside SLA,High,In Progress,385200.54,385200.54,Pending Settlement,Pending Settlement,0.0,Matched
WM00294,CLIENT0043,Fund Purchase,Mutual Fund,599913.5,USD,2026-08-23 03:19:09.042550,2026-08-27,Completed,Closure,Normal,Middle Office,2026-08-25 22:19:09.042550,2026-08-28 08:19:09.042550,False,,,Custody System,67.0,3.86,Outside SLA,High,Completed,599913.5,599913.5,Completed,Completed,0.0,Matched
WM00295,CLIENT0049,Fund Redemption,ETF,43153.84,BRL,2026-08-27 11:21:09.042550,2026-08-30,Settled,Settlement,Normal,Settlement,2026-08-28 15:21:09.042550,2026-08-31 17:21:09.042550,False,,,Custody System,28.0,2.53,Outside SLA,High,Completed,43153.84,43153.84,Settled,Settled,0.0,Matched
WM00296,CLIENT0010,Asset Transfer - External,Equity,1543643.08,BRL,2026-08-30 03:20:09.042550,2026-09-02,Received,Request Received,Normal,Reconciliation,2026-08-30 10:20:09.042550,,False,,,Custody System,7.0,2.86,Within SLA,Low,In Progress,1543643.08,1475192.19,Received,Received,68450.89,Amount Difference
WM00297,CLIENT0107,Asset Transfer - External,ETF,251572.15,USD,2026-09-09 01:16:09.042550,2026-09-10,Validation,Data Validation,Normal,Middle Office,2026-09-09 21:16:09.042550,,False,,,Core Banking,20.0,0.95,Within SLA,Low,In Progress,251572.15,251572.15,Validation,Validation,0.0,Matched
WM00298,CLIENT0036,Asset Transfer - External,Mutual Fund,1025611.65,BRL,2026-09-03 01:32:09.042550,2026-09-07,Completed,Closure,Normal,Client Operations,2026-09-03 16:32:09.042550,2026-09-04 06:32:09.042550,False,,,Core Banking,15.0,3.94,Within SLA,Low,Completed,1025611.65,1025611.65,Completed,Completed,0.0,Matched
WM00299,CLIENT0092,Portfolio Rebalancing,ETF,594225.65,BRL,2026-09-02 05:02:09.042550,2026-09-05,Settled,Settlement,Normal,Reconciliation,2026-09-04 21:02:09.042550,2026-09-07 09:02:09.042550,False,,,Core Banking,64.0,2.79,Outside SLA,High,Completed,594225.65,594225.65,Settled,Settled,0.0,Matched
WM00300,CLIENT0029,Cash Transfer,ETF,302543.26,BRL,2026-08-29 06:28:09.042550,2026-08-30,Completed,Closure,Normal,Reconciliation,2026-08-29 16:28:09.042550,2026-08-30 08:28:09.042550,False,,,Custody System,10.0,0.73,Within SLA,Low,Completed,302543.26,302543.26,Completed,Completed,0.0,Matched
WM00301,CLIENT0068,Asset Transfer - External,Mutual Fund,204118.79,BRL,2026-09-11 05:54:09.042550,2026-09-13,Completed,Closure,Normal,Operations,2026-09-12 19:54:09.042550,2026-09-15 10:54:09.042550,False,,,Trading Platform,38.0,1.75,Outside SLA,High,Completed,204118.79,204118.79,Completed,Completed,0.0,Matched
WM00302,CLIENT0003,Fund Redemption,Fixed Income,660678.35,USD,2026-08-24 08:00:09.042550,2026-08-25,Completed,Closure,Normal,Reconciliation,2026-08-25 19:00:09.042550,2026-08-25 09:00:09.042550,False,,,Custody System,35.0,0.67,Outside SLA,High,Completed,660678.35,660678.35,Completed,Completed,0.0,Matched
WM00303,CLIENT0103,Asset Transfer - External,ETF,547307.02,USD,2026-09-09 06:24:09.042550,2026-09-10,Validation,Data Validation,Normal,Middle Office,2026-09-11 12:24:09.042550,,False,,,Custody System,54.0,0.73,Outside SLA,High,In Progress,547307.02,547307.02,Validation,Validation,0.0,Matched
WM00304,CLIENT0107,Cash Transfer,ETF,1605518.24,USD,2026-08-19 02:21:09.042550,2026-08-20,Completed,Closure,Normal,Settlement,2026-08-21 03:21:09.042550,2026-08-21 04:21:09.042550,False,,,Trading Platform,49.0,0.9,Outside SLA,High,Completed,1605518.24,1605518.24,Completed,Completed,0.0,Matched
WM00305,CLIENT0029,Asset Transfer - External,ETF,96714.79,USD,2026-09-10 12:09:09.042550,2026-09-12,Completed,Closure,Normal,Client Operations,2026-09-10 14:09:09.042550,2026-09-14 20:09:09.042550,False,,,Custody System,2.0,1.49,Within SLA,Low,Completed,96714.79,96714.79,Completed,Completed,0.0,Matched
WM00306,CLIENT0133,Cash Transfer,Cash,195008.07,BRL,2026-08-30 10:59:09.042550,2026-09-04,Completed,Closure,Normal,Middle Office,2026-09-01 07:59:09.042550,2026-09-01 16:59:09.042550,False,,,Custody System,45.0,4.54,Outside SLA,High,Completed,195008.07,185515.94,Completed,Completed,9492.13,Amount Difference
WM00307,CLIENT0003,Portfolio Rebalancing,Fixed Income,1013607.31,USD,2026-08-26 04:06:09.042550,2026-08-31,Completed,Closure,Normal,Middle Office,2026-08-27 02:06:09.042550,2026-08-31 05:06:09.042550,False,,,Core Banking,22.0,4.83,Within SLA,Low,Completed,1013607.31,1013607.31,Completed,Completed,0.0,Matched
WM00308,CLIENT0141,Portfolio Rebalancing,ETF,809537.6,BRL,2026-08-24 04:34:09.042550,2026-08-27,Completed,Closure,Normal,Operations,2026-08-26 15:34:09.042550,2026-08-25 08:34:09.042550,False,,,Trading Platform,59.0,2.81,Outside SLA,High,Completed,809537.6,809537.6,Completed,Completed,0.0,Matched
WM00309,CLIENT0031,Asset Transfer - External,Mutual Fund,209773.43,USD,2026-08-28 03:07:09.042550,2026-09-01,Completed,Closure,Normal,Operations,2026-08-31 03:07:09.042550,2026-09-01 09:07:09.042550,False,,,Custody System,72.0,3.87,Outside SLA,High,Completed,209773.43,209773.43,Completed,Completed,0.0,Matched
WM00310,CLIENT0131,Cash Transfer,Fixed Income,1310918.99,USD,2026-08-16 10:52:09.042550,2026-08-19,Received,Request Received,Normal,Client Operations,2026-08-18 09:52:09.042550,,False,,,Core Banking,47.0,2.55,Outside SLA,High,In Progress,,,,,0.0,Missing in External System
WM00311,CLIENT0094,Portfolio Rebalancing,ETF,232476.6,BRL,2026-09-10 08:34:09.042550,2026-09-15,Completed,Closure,Normal,Operations,2026-09-12 04:34:09.042550,2026-09-15 16:34:09.042550,False,,,Trading Platform,44.0,4.64,Outside SLA,High,Completed,232476.6,232476.6,Completed,Completed,0.0,Matched
WM00312,CLIENT0012,Fund Redemption,ETF,285196.13,USD,2026-09-13 05:48:09.042550,2026-09-18,Completed,Closure,Normal,Operations,2026-09-14 14:48:09.042550,2026-09-16 07:48:09.042550,False,,,Custody System,33.0,4.76,Outside SLA,High,Completed,285196.13,285196.13,Completed,Pending Settlement,0.0,Status Difference
WM00313,CLIENT0049,Portfolio Rebalancing,Equity,219992.67,USD,2026-08-17 07:26:09.042550,2026-08-21,Pending Approval,Approval,Medium,Operations,2026-08-17 23:26:09.042550,,False,,,Trading Platform,16.0,3.69,Within SLA,High,In Progress,219992.67,215494.13,Pending Approval,Pending Approval,4498.54,Amount Difference
WM00314,CLIENT0142,Asset Transfer - External,Cash,968449.27,BRL,2026-09-01 09:21:09.042550,2026-09-05,Settled,Settlement,Normal,Reconciliation,2026-09-02 08:21:09.042550,2026-09-02 10:21:09.042550,False,,,Custody System,23.0,3.61,Within SLA,Low,Completed,968449.27,968449.27,Settled,Settled,0.0,Matched
WM00315,CLIENT0130,Asset Transfer - External,ETF,1959104.02,BRL,2026-08-17 07:55:09.042550,2026-08-22,Completed,Closure,Normal,Client Operations,2026-08-19 10:55:09.042550,2026-08-22 13:55:09.042550,False,,,Trading Platform,51.0,4.67,Outside SLA,High,Completed,,,,,0.0,Missing in External System
WM00316,CLIENT0141,Asset Transfer - Internal,Cash,1267003.65,BRL,2026-08-28 03:21:09.042550,2026-09-01,Exception,Processing,High,Reconciliation,2026-08-29 17:21:09.042550,,True,System Processing Error,High,Custody System,38.0,3.86,Outside SLA,Critical,Exception,1267003.65,1267003.65,Exception,Exception,0.0,Matched
WM00317,CLIENT0129,Cash Transfer,Equity,1422153.69,USD,2026-09-04 03:58:09.042550,2026-09-06,Processing,Processing,Normal,Reconciliation,2026-09-06 17:58:09.042550,,False,,,Custody System,62.0,1.83,Outside SLA,High,In Progress,1422153.69,1422153.69,Processing,Processing,0.0,Matched
WM00318,CLIENT0004,Cash Transfer,Mutual Fund,55417.92,BRL,2026-09-04 07:56:09.042550,2026-09-09,Reconciled,Reconciliation,Normal,Operations,2026-09-04 15:56:09.042550,2026-09-07 14:56:09.042550,False,,,Core Banking,8.0,4.67,Within SLA,Low,Completed,55417.92,55417.92,Reconciled,Reconciled,0.0,Matched
WM00319,CLIENT0038,Fund Purchase,Equity,411981.8,BRL,2026-09-08 03:31:09.042550,2026-09-11,Processing,Processing,Normal,Client Operations,2026-09-10 13:31:09.042550,,False,,,Core Banking,58.0,2.85,Outside SLA,High,In Progress,411981.8,411981.8,Processing,Processing,0.0,Matched
WM00320,CLIENT0061,Cash Transfer,Equity,1387407.47,BRL,2026-09-04 10:08:09.042550,2026-09-06,Completed,Closure,Normal,Middle Office,2026-09-06 12:08:09.042550,2026-09-09 17:08:09.042550,False,,,Trading Platform,50.0,1.58,Outside SLA,High,Completed,1387407.47,1387407.47,Completed,Completed,0.0,Matched
WM00321,CLIENT0052,Cash Transfer,ETF,1660817.05,USD,2026-09-04 06:48:09.042550,2026-09-05,Exception,Processing,High,Settlement,2026-09-05 20:48:09.042550,,True,Missing Documentation,High,Trading Platform,38.0,0.72,Outside SLA,Critical,Exception,,,,,0.0,Missing in External System
WM00322,CLIENT0132,Fund Purchase,ETF,86065.29,USD,2026-09-04 02:24:09.042550,2026-09-06,Validation,Data Validation,Normal,Reconciliation,2026-09-05 12:24:09.042550,,False,,,Core Banking,34.0,1.9,Outside SLA,High,In Progress,86065.29,86065.29,Validation,Validation,0.0,Matched
WM00323,CLIENT0120,Portfolio Rebalancing,Fixed Income,84681.48,USD,2026-09-10 05:13:09.042550,2026-09-13,Validation,Data Validation,Normal,Reconciliation,2026-09-10 12:13:09.042550,,False,,,Custody System,7.0,2.78,Within SLA,Low,In Progress,84681.48,83190.82,Validation,Validation,1490.66,Amount Difference
WM00324,CLIENT0019,Portfolio Rebalancing,Equity,1053163.16,BRL,2026-09-04 05:44:09.042550,2026-09-09,Completed,Closure,Normal,Reconciliation,2026-09-04 14:44:09.042550,2026-09-09 11:44:09.042550,False,,,Custody System,9.0,4.76,Within SLA,Low,Completed,1053163.16,1053163.16,Completed,Completed,0.0,Matched
WM00325,CLIENT0090,Fund Redemption,Fixed Income,1328352.28,USD,2026-08-31 09:38:09.042550,2026-09-01,Validation,Data Validation,Normal,Client Operations,2026-09-01 23:38:09.042550,,False,,,Core Banking,38.0,0.6,Outside SLA,High,In Progress,1328352.28,1328352.28,Validation,Validation,0.0,Matched
WM00326,CLIENT0089,Asset Transfer - External,Fixed Income,1809470.43,BRL,2026-09-02 09:43:09.042550,2026-09-07,Exception,Processing,High,Client Operations,2026-09-04 10:43:09.042550,,True,Missing Documentation,Low,Core Banking,49.0,4.6,Outside SLA,Critical,Exception,1809470.43,1809470.43,Exception,Exception,0.0,Matched
WM00327,CLIENT0096,Cash Transfer,Cash,893886.01,BRL,2026-08-31 05:14:09.042550,2026-09-05,Pending Settlement,Settlement,Medium,Client Operations,2026-09-01 06:14:09.042550,,False,,,Trading Platform,25.0,4.78,Outside SLA,High,In Progress,893886.01,893886.01,Pending Settlement,Pending Settlement,0.0,Matched
WM00328,CLIENT0017,Fund Redemption,Fixed Income,1730576.96,USD,2026-09-13 02:23:09.042550,2026-09-18,Settled,Settlement,Normal,Operations,2026-09-14 05:23:09.042550,2026-09-18 03:23:09.042550,False,,,Custody System,27.0,4.9,Outside SLA,High,Completed,1730576.96,1730576.96,Settled,Settled,0.0,Matched
WM00329,CLIENT0118,Portfolio Rebalancing,Equity,80583.2,BRL,2026-09-11 07:54:09.042550,2026-09-12,Completed,Closure,Normal,Operations,2026-09-12 06:54:09.042550,2026-09-13 08:54:09.042550,False,,,Trading Platform,23.0,0.67,Within SLA,Low,Completed,80583.2,80583.2,Completed,Exception,0.0,Status Difference
WM00330,CLIENT0116,Portfolio Rebalancing,ETF,868884.94,BRL,2026-09-01 05:11:09.042550,2026-09-04,Reconciled,Reconciliation,Normal,Middle Office,2026-09-01 21:11:09.042550,2026-09-05 12:11:09.042550,False,,,Custody System,16.0,2.78,Within SLA,Low,Completed,868884.94,868884.94,Reconciled,Reconciled,0.0,Matched
WM00331,CLIENT0012,Portfolio Rebalancing,Mutual Fund,718611.78,BRL,2026-09-06 10:17:09.042550,2026-09-11,Received,Request Received,Normal,Client Operations,2026-09-08 01:17:09.042550,,False,,,Custody System,39.0,4.57,Outside SLA,High,In Progress,718611.78,718611.78,Received,Received,0.0,Matched
WM00332,CLIENT0008,Asset Transfer - External,Fixed Income,1069268.19,BRL,2026-09-07 08:37:09.042550,2026-09-11,Validation,Data Validation,Normal,Middle Office,2026-09-10 06:37:09.042550,,False,,,Trading Platform,70.0,3.64,Outside SLA,High,In Progress,1069268.19,1069268.19,Validation,Validation,0.0,Matched
WM00333,CLIENT0032,Fund Purchase,Mutual Fund,1147573.6,USD,2026-08-18 05:56:09.042550,2026-08-21,Exception,Processing,High,Client Operations,2026-08-19 08:56:09.042550,,True,Missing Documentation,Medium,Custody System,27.0,2.75,Outside SLA,Critical,Exception,1147573.6,1147573.6,Exception,Exception,0.0,Matched
WM00334,CLIENT0042,Fund Redemption,Fixed Income,1235685.42,USD,2026-09-06 06:26:09.042550,2026-09-10,Completed,Closure,Normal,Settlement,2026-09-06 21:26:09.042550,2026-09-11 09:26:09.042550,False,,,Core Banking,15.0,3.73,Within SLA,Low,Completed,1235685.42,1235685.42,Completed,Completed,0.0,Matched
WM00335,CLIENT0075,Portfolio Rebalancing,Mutual Fund,505121.79,BRL,2026-09-01 02:07:09.042550,2026-09-06,Completed,Closure,Normal,Reconciliation,2026-09-03 17:07:09.042550,2026-09-05 04:07:09.042550,False,,,Trading Platform,63.0,4.91,Outside SLA,High,Completed,505121.79,505121.79,Completed,Completed,0.0,Matched
WM00336,CLIENT0073,Cash Transfer,Mutual Fund,1800736.59,USD,2026-09-04 11:28:09.042550,2026-09-05,Processing,Processing,Normal,Middle Office,2026-09-06 21:28:09.042550,,False,,,Trading Platform,58.0,0.52,Outside SLA,High,In Progress,1800736.59,1730885.71,Processing,Processing,69850.88,Amount Difference
WM00337,CLIENT0081,Asset Transfer - External,Fixed Income,14639.61,BRL,2026-08-23 10:22:09.042550,2026-08-28,Completed,Closure,Normal,Settlement,2026-08-25 18:22:09.042550,2026-08-28 16:22:09.042550,False,,,Trading Platform,56.0,4.57,Outside SLA,High,Completed,14639.61,14639.61,Completed,Completed,0.0,Matched
WM00338,CLIENT0115,Asset Transfer - Internal,Equity,976507.91,BRL,2026-08-18 11:59:09.042550,2026-08-21,Completed,Closure,Normal,Settlement,2026-08-18 22:59:09.042550,2026-08-22 19:59:09.042550,False,,,Trading Platform,11.0,2.5,Within SLA,Low,Completed,976507.91,976507.91,Completed,Completed,0.0,Matched
WM00339,CLIENT0005,Cash Transfer,Mutual Fund,1626221.59,USD,2026-08-18 09:25:09.042550,2026-08-21,Completed,Closure,Normal,Reconciliation,2026-08-19 13:25:09.042550,2026-08-19 11:25:09.042550,False,,,Core Banking,28.0,2.61,Outside SLA,High,Completed,1626221.59,1626221.59,Completed,Completed,0.0,Matched
WM00340,CLIENT0058,Cash Transfer,Equity,272093.11,BRL,2026-08-31 09:43:09.042550,2026-09-02,Reconciled,Reconciliation,Normal,Middle Office,2026-09-02 08:43:09.042550,2026-09-03 16:43:09.042550,False,,,Custody System,47.0,1.6,Outside SLA,High,Completed,272093.11,272093.11,Reconciled,Reconciled,0.0,Matched
WM00341,CLIENT0132,Fund Redemption,ETF,322648.72,BRL,2026-08-21 10:56:09.042550,2026-08-23,Received,Request Received,Normal,Middle Office,2026-08-23 08:56:09.042550,,False,,,Core Banking,46.0,1.54,Outside SLA,High,In Progress,322648.72,322648.72,Received,Received,0.0,Matched
WM00342,CLIENT0095,Fund Redemption,Mutual Fund,1338828.27,USD,2026-08-29 04:17:09.042550,2026-09-01,Pending Approval,Approval,Medium,Middle Office,2026-08-31 17:17:09.042550,,False,,,Trading Platform,61.0,2.82,Outside SLA,High,In Progress,1338828.27,1338828.27,Pending Approval,Pending Approval,0.0,Matched
WM00343,CLIENT0068,Cash Transfer,Cash,1142469.5,USD,2026-08-15 11:33:09.042550,2026-08-16,Completed,Closure,Normal,Middle Office,2026-08-17 10:33:09.042550,2026-08-20 16:33:09.042550,False,,,Custody System,47.0,0.52,Outside SLA,High,Completed,1142469.5,1142469.5,Completed,Completed,0.0,Matched
WM00344,CLIENT0133,Asset Transfer - External,Equity,1635387.35,USD,2026-09-09 02:46:09.042550,2026-09-12,Completed,Closure,Normal,Middle Office,2026-09-11 16:46:09.042550,2026-09-13 06:46:09.042550,False,,,Custody System,62.0,2.88,Outside SLA,High,Completed,1635387.35,1635387.35,Completed,Exception,0.0,Status Difference
WM00345,CLIENT0059,Fund Purchase,Cash,1288736.62,BRL,2026-09-11 03:41:09.042550,2026-09-13,Received,Request Received,Normal,Settlement,2026-09-12 03:41:09.042550,,False,,,Core Banking,24.0,1.85,Within SLA,Low,In Progress,1288736.62,1288736.62,Received,Received,0.0,Matched
WM00346,CLIENT0107,Asset Transfer - Internal,Mutual Fund,965625.72,USD,2026-09-05 02:55:09.042550,2026-09-07,Pending Settlement,Settlement,Medium,Middle Office,2026-09-06 05:55:09.042550,,False,,,Custody System,27.0,1.88,Outside SLA,High,In Progress,965625.72,965625.72,Pending Settlement,Pending Settlement,0.0,Matched
WM00347,CLIENT0012,Fund Redemption,Cash,1186733.58,BRL,2026-09-09 07:14:09.042550,2026-09-11,Validation,Data Validation,Normal,Reconciliation,2026-09-09 13:14:09.042550,,False,,,Custody System,6.0,1.7,Within SLA,Low,In Progress,1186733.58,1186733.58,Validation,Validation,0.0,Matched
WM00348,CLIENT0133,Asset Transfer - External,Cash,1938641.16,BRL,2026-08-19 06:12:09.042550,2026-08-21,Validation,Data Validation,Normal,Client Operations,2026-08-19 17:12:09.042550,,False,,,Core Banking,11.0,1.74,Within SLA,Low,In Progress,1938641.16,1938641.16,Validation,Validation,0.0,Matched
WM00349,CLIENT0150,Fund Redemption,Cash,1320999.26,USD,2026-08-29 08:23:09.042550,2026-08-31,Settled,Settlement,Normal,Settlement,2026-08-31 04:23:09.042550,2026-09-02 11:23:09.042550,False,,,Trading Platform,44.0,1.65,Outside SLA,High,Completed,1320999.26,1291732.52,Settled,Settled,29266.74,Amount Difference
WM00350,CLIENT0005,Fund Redemption,Cash,1719885.43,USD,2026-08-16 04:37:09.042550,2026-08-20,Reconciled,Reconciliation,Normal,Settlement,2026-08-16 17:37:09.042550,2026-08-18 06:37:09.042550,False,,,Core Banking,13.0,3.81,Within SLA,Low,Completed,1719885.43,1719885.43,Reconciled,Reconciled,0.0,Matched
WM00351,CLIENT0024,Asset Transfer - External,Fixed Income,1804459.59,BRL,2026-09-02 10:15:09.042550,2026-09-07,Settled,Settlement,Normal,Middle Office,2026-09-05 05:15:09.042550,2026-09-07 12:15:09.042550,False,,,Trading Platform,67.0,4.57,Outside SLA,High,Completed,1804459.59,1804459.59,Settled,Settled,0.0,Matched
WM00352,CLIENT0124,Asset Transfer - External,Equity,1180150.93,BRL,2026-08-15 09:40:09.042550,2026-08-17,Pending Settlement,Settlement,Medium,Middle Office,2026-08-16 03:40:09.042550,,False,,,Trading Platform,18.0,1.6,Within SLA,High,In Progress,1180150.93,1180150.93,Pending Settlement,Pending Settlement,0.0,Matched
WM00353,CLIENT0066,Fund Redemption,Mutual Fund,1419751.93,BRL,2026-08-21 02:31:09.042550,2026-08-26,Settled,Settlement,Normal,Reconciliation,2026-08-23 21:31:09.042550,2026-08-26 09:31:09.042550,False,,,Core Banking,67.0,4.9,Outside SLA,High,Completed,1419751.93,1419751.93,Settled,Settled,0.0,Matched
WM00354,CLIENT0028,Fund Redemption,ETF,1304893.99,USD,2026-08-26 11:26:09.042550,2026-08-29,Settled,Settlement,Normal,Client Operations,2026-08-29 08:26:09.042550,2026-08-30 17:26:09.042550,False,,,Trading Platform,69.0,2.52,Outside SLA,High,Completed,1304893.99,1304893.99,Settled,Settled,0.0,Matched
WM00355,CLIENT0142,Cash Transfer,ETF,361545.6,USD,2026-09-02 05:56:09.042550,2026-09-06,Reconciled,Reconciliation,Normal,Client Operations,2026-09-03 21:56:09.042550,2026-09-04 12:56:09.042550,False,,,Custody System,40.0,3.75,Outside SLA,High,Completed,361545.6,361545.6,Reconciled,Reconciled,0.0,Matched
WM00356,CLIENT0031,Portfolio Rebalancing,Fixed Income,895956.78,BRL,2026-09-05 08:00:09.042550,2026-09-07,Processing,Processing,Normal,Operations,2026-09-06 12:00:09.042550,,False,,,Custody System,28.0,1.67,Outside SLA,High,In Progress,895956.78,895956.78,Processing,Processing,0.0,Matched
WM00357,CLIENT0042,Asset Transfer - External,Mutual Fund,1609716.87,BRL,2026-08-24 09:52:09.042550,2026-08-25,Pending Settlement,Settlement,Medium,Middle Office,2026-08-26 17:52:09.042550,,False,,,Core Banking,56.0,0.59,Outside SLA,High,In Progress,1609716.87,1609716.87,Pending Settlement,Pending Settlement,0.0,Matched
WM00358,CLIENT0010,Portfolio Rebalancing,ETF,1861716.56,USD,2026-08-21 06:18:09.042550,2026-08-26,Received,Request Received,Normal,Reconciliation,2026-08-24 01:18:09.042550,,False,,,Trading Platform,67.0,4.74,Outside SLA,High,In Progress,1861716.56,1861716.56,Received,Exception,0.0,Status Difference
WM00359,CLIENT0003,Fund Redemption,Cash,575582.99,BRL,2026-09-02 02:02:09.042550,2026-09-04,Completed,Closure,Normal,Reconciliation,2026-09-04 20:02:09.042550,2026-09-06 10:02:09.042550,False,,,Custody System,66.0,1.92,Outside SLA,High,Completed,575582.99,575582.99,Completed,Completed,0.0,Matched
WM00360,CLIENT0001,Fund Redemption,Mutual Fund,1993650.2,USD,2026-09-02 03:56:09.042550,2026-09-03,Completed,Closure,Normal,Client Operations,2026-09-04 06:56:09.042550,2026-09-05 07:56:09.042550,False,,,Trading Platform,51.0,0.84,Outside SLA,High,Completed,1993650.2,1993650.2,Completed,Completed,0.0,Matched
WM00361,CLIENT0144,Cash Transfer,Equity,698212.8,USD,2026-08-30 02:00:09.042550,2026-08-31,Reconciled,Reconciliation,Normal,Settlement,2026-08-31 03:00:09.042550,2026-08-31 07:00:09.042550,False,,,Trading Platform,25.0,0.92,Outside SLA,High,Completed,698212.8,698212.8,Reconciled,Reconciled,0.0,Matched
WM00362,CLIENT0144,Fund Purchase,Cash,592032.39,BRL,2026-09-01 01:29:09.042550,2026-09-03,Completed,Closure,Normal,Reconciliation,2026-09-02 10:29:09.042550,2026-09-05 03:29:09.042550,False,,,Custody System,33.0,1.94,Outside SLA,High,Completed,592032.39,592032.39,Completed,Completed,0.0,Matched
WM00363,CLIENT0063,Asset Transfer - Internal,ETF,1364781.37,BRL,2026-09-01 05:57:09.042550,2026-09-05,Completed,Closure,Normal,Middle Office,2026-09-01 20:57:09.042550,2026-09-05 13:57:09.042550,False,,,Trading Platform,15.0,3.75,Within SLA,Low,Completed,1364781.37,1364781.37,Completed,Completed,0.0,Matched
WM00364,CLIENT0081,Asset Transfer - External,Equity,1035425.91,BRL,2026-09-03 04:56:09.042550,2026-09-05,Received,Request Received,Normal,Client Operations,2026-09-04 12:56:09.042550,,False,,,Trading Platform,32.0,1.79,Outside SLA,High,In Progress,1035425.91,1035425.91,Received,Received,0.0,Matched
WM00365,CLIENT0046,Asset Transfer - External,Equity,710308.16,USD,2026-09-04 06:17:09.042550,2026-09-09,Validation,Data Validation,Normal,Settlement,2026-09-05 07:17:09.042550,,False,,,Trading Platform,25.0,4.74,Outside SLA,High,In Progress,710308.16,710308.16,Validation,Validation,0.0,Matched
WM00366,CLIENT0052,Fund Redemption,Cash,715274.61,BRL,2026-08-21 05:08:09.042550,2026-08-24,Completed,Closure,Normal,Operations,2026-08-21 16:08:09.042550,2026-08-23 09:08:09.042550,False,,,Custody System,11.0,2.79,Within SLA,Low,Completed,715274.61,715274.61,Completed,Completed,0.0,Matched
WM00367,CLIENT0096,Cash Transfer,Equity,987219.05,USD,2026-08-29 10:13:09.042550,2026-09-03,Exception,Processing,Critical,Settlement,2026-09-01 04:13:09.042550,,True,Missing Documentation,Critical,Trading Platform,66.0,4.57,Outside SLA,Critical,Exception,987219.05,987219.05,Exception,Exception,0.0,Matched
WM00368,CLIENT0135,Asset Transfer - External,ETF,1879610.57,BRL,2026-09-07 10:21:09.042550,2026-09-08,Pending Settlement,Settlement,Medium,Reconciliation,2026-09-09 07:21:09.042550,,False,,,Trading Platform,45.0,0.57,Outside SLA,High,In Progress,1879610.57,1879610.57,Pending Settlement,Pending Settlement,0.0,Matched
WM00369,CLIENT0081,Portfolio Rebalancing,Mutual Fund,28580.86,BRL,2026-09-07 03:42:09.042550,2026-09-08,Completed,Closure,Normal,Middle Office,2026-09-07 16:42:09.042550,2026-09-12 11:42:09.042550,False,,,Trading Platform,13.0,0.85,Within SLA,Low,Completed,28580.86,28580.86,Completed,Completed,0.0,Matched
WM00370,CLIENT0068,Fund Redemption,Equity,945334.0,USD,2026-09-10 05:24:09.042550,2026-09-15,Pending Settlement,Settlement,Medium,Client Operations,2026-09-11 05:24:09.042550,,False,,,Trading Platform,24.0,4.77,Within SLA,High,In Progress,945334.0,945334.0,Pending Settlement,Pending Settlement,0.0,Matched
WM00371,CLIENT0047,Cash Transfer,Fixed Income,1958648.54,BRL,2026-08-27 06:36:09.042550,2026-08-31,Settled,Settlement,Normal,Operations,2026-08-28 17:36:09.042550,2026-08-30 14:36:09.042550,False,,,Core Banking,35.0,3.72,Outside SLA,High,Completed,1958648.54,1958648.54,Settled,Settled,0.0,Matched
WM00372,CLIENT0003,Fund Redemption,ETF,1001697.66,USD,2026-09-10 07:25:09.042550,2026-09-12,Reconciled,Reconciliation,Normal,Middle Office,2026-09-11 22:25:09.042550,2026-09-12 15:25:09.042550,False,,,Trading Platform,39.0,1.69,Outside SLA,High,Completed,1001697.66,988762.61,Reconciled,Reconciled,12935.05,Amount Difference
WM00373,CLIENT0056,Asset Transfer - Internal,ETF,1678748.56,BRL,2026-09-01 01:38:09.042550,2026-09-02,Reconciled,Reconciliation,Normal,Middle Office,2026-09-02 20:38:09.042550,2026-09-03 02:38:09.042550,False,,,Trading Platform,43.0,0.93,Outside SLA,High,Completed,1678748.56,1678748.56,Reconciled,Reconciled,0.0,Matched
WM00374,CLIENT0089,Fund Purchase,ETF,246868.79,BRL,2026-08-31 10:12:09.042550,2026-09-03,Pending Settlement,Settlement,Medium,Reconciliation,2026-09-03 07:12:09.042550,,False,,,Core Banking,69.0,2.57,Outside SLA,High,In Progress,246868.79,246868.79,Pending Settlement,Pending Settlement,0.0,Matched
WM00375,CLIENT0021,Asset Transfer - External,Cash,576614.54,BRL,2026-08-23 06:33:09.042550,2026-08-28,Exception,Processing,High,Client Operations,2026-08-25 12:33:09.042550,,True,Duplicate Request,Critical,Custody System,54.0,4.73,Outside SLA,Critical,Exception,576614.54,576614.54,Exception,Exception,0.0,Matched
WM00376,CLIENT0081,Asset Transfer - Internal,Equity,1422314.8,USD,2026-08-26 02:18:09.042550,2026-08-28,Completed,Closure,Normal,Client Operations,2026-08-28 11:18:09.042550,2026-08-29 06:18:09.042550,False,,,Trading Platform,57.0,1.9,Outside SLA,High,Completed,1422314.8,1422314.8,Completed,Completed,0.0,Matched
WM00377,CLIENT0033,Portfolio Rebalancing,Fixed Income,1325734.98,BRL,2026-08-30 08:39:09.042550,2026-09-01,Completed,Closure,Normal,Settlement,2026-08-31 06:39:09.042550,2026-09-01 09:39:09.042550,False,,,Trading Platform,22.0,1.64,Within SLA,Low,Completed,1325734.98,1325734.98,Completed,Completed,0.0,Matched
WM00378,CLIENT0007,Asset Transfer - External,Cash,1531167.76,BRL,2026-08-16 08:48:09.042550,2026-08-17,Validation,Data Validation,Normal,Operations,2026-08-17 18:48:09.042550,,False,,,Custody System,34.0,0.63,Outside SLA,High,In Progress,1531167.76,1531167.76,Validation,Validation,0.0,Matched
WM00379,CLIENT0064,Portfolio Rebalancing,Equity,889105.05,BRL,2026-09-03 07:32:09.042550,2026-09-05,Validation,Data Validation,Normal,Settlement,2026-09-06 03:32:09.042550,,False,,,Core Banking,68.0,1.69,Outside SLA,High,In Progress,889105.05,889105.05,Validation,Validation,0.0,Matched
WM00380,CLIENT0122,Asset Transfer - External,Cash,1870040.86,USD,2026-09-04 07:08:09.042550,2026-09-07,Received,Request Received,Normal,Settlement,2026-09-07 05:08:09.042550,,False,,,Core Banking,70.0,2.7,Outside SLA,High,In Progress,1870040.86,1870040.86,Received,Received,0.0,Matched
WM00381,CLIENT0089,Asset Transfer - External,Cash,458121.25,BRL,2026-08-28 12:00:09.042550,2026-09-02,Reconciled,Reconciliation,Normal,Middle Office,2026-08-30 04:00:09.042550,2026-09-01 17:00:09.042550,False,,,Trading Platform,40.0,4.5,Outside SLA,High,Completed,458121.25,458121.25,Reconciled,Reconciled,0.0,Matched
WM00382,CLIENT0089,Asset Transfer - Internal,ETF,1072522.28,USD,2026-08-18 05:13:09.042550,2026-08-19,Settled,Settlement,Normal,Middle Office,2026-08-19 20:13:09.042550,2026-08-23 08:13:09.042550,False,,,Core Banking,39.0,0.78,Outside SLA,High,Completed,1072522.28,1072522.28,Settled,Settled,0.0,Matched
WM00383,CLIENT0049,Asset Transfer - External,Cash,877027.2,BRL,2026-09-08 05:51:09.042550,2026-09-10,Completed,Closure,Normal,Settlement,2026-09-10 07:51:09.042550,2026-09-09 11:51:09.042550,False,,,Trading Platform,50.0,1.76,Outside SLA,High,Completed,877027.2,877027.2,Completed,Completed,0.0,Matched
WM00384,CLIENT0133,Cash Transfer,Equity,572930.33,USD,2026-08-16 07:53:09.042550,2026-08-18,Pending Approval,Approval,Medium,Middle Office,2026-08-17 08:53:09.042550,,False,,,Core Banking,25.0,1.67,Outside SLA,High,In Progress,572930.33,572930.33,Pending Approval,Pending Approval,0.0,Matched
WM00385,CLIENT0116,Asset Transfer - Internal,Cash,986532.05,USD,2026-08-23 02:53:09.042550,2026-08-27,Pending Approval,Approval,Medium,Operations,2026-08-23 22:53:09.042550,,False,,,Core Banking,20.0,3.88,Within SLA,High,In Progress,986532.05,986532.05,Pending Approval,Pending Approval,0.0,Matched
WM00386,CLIENT0113,Portfolio Rebalancing,Mutual Fund,469456.94,BRL,2026-08-14 03:19:09.042550,2026-08-17,Exception,Processing,High,Middle Office,2026-08-15 07:19:09.042550,,True,Approval Pending,Medium,Trading Platform,28.0,2.86,Outside SLA,Critical,Exception,469456.94,469456.94,Exception,Exception,0.0,Matched
WM00387,CLIENT0021,Fund Redemption,Mutual Fund,536674.64,USD,2026-09-08 08:36:09.042550,2026-09-12,Settled,Settlement,Normal,Operations,2026-09-11 06:36:09.042550,2026-09-09 14:36:09.042550,False,,,Trading Platform,70.0,3.64,Outside SLA,High,Completed,536674.64,536674.64,Settled,Settled,0.0,Matched
WM00388,CLIENT0004,Fund Purchase,Fixed Income,772671.81,USD,2026-09-11 06:05:09.042550,2026-09-15,Pending Approval,Approval,Medium,Settlement,2026-09-11 11:05:09.042550,,False,,,Core Banking,5.0,3.75,Within SLA,High,In Progress,772671.81,772671.81,Pending Approval,Pending Approval,0.0,Matched
WM00389,CLIENT0080,Asset Transfer - Internal,Fixed Income,1260182.69,BRL,2026-09-07 02:46:09.042550,2026-09-09,Settled,Settlement,Normal,Reconciliation,2026-09-09 21:46:09.042550,2026-09-11 09:46:09.042550,False,,,Core Banking,67.0,1.88,Outside SLA,High,Completed,1260182.69,1260182.69,Settled,Pending Settlement,0.0,Status Difference
WM00390,CLIENT0014,Portfolio Rebalancing,Fixed Income,1946681.75,BRL,2026-09-03 05:25:09.042550,2026-09-06,Processing,Processing,Normal,Middle Office,2026-09-04 23:25:09.042550,,False,,,Core Banking,42.0,2.77,Outside SLA,High,In Progress,1946681.75,1946681.75,Processing,Processing,0.0,Matched
WM00391,CLIENT0063,Fund Purchase,Mutual Fund,1164248.66,USD,2026-08-22 10:20:09.042550,2026-08-26,Validation,Data Validation,Normal,Reconciliation,2026-08-23 06:20:09.042550,,False,,,Trading Platform,20.0,3.57,Within SLA,Low,In Progress,1164248.66,1164248.66,Validation,Validation,0.0,Matched
WM00392,CLIENT0016,Fund Purchase,Equity,1290926.92,BRL,2026-08-21 03:44:09.042550,2026-08-22,Completed,Closure,Normal,Settlement,2026-08-23 18:44:09.042550,2026-08-26 09:44:09.042550,False,,,Core Banking,63.0,0.84,Outside SLA,High,Completed,1290926.92,1290926.92,Completed,Completed,0.0,Matched
WM00393,CLIENT0113,Portfolio Rebalancing,Fixed Income,47598.9,USD,2026-08-31 12:01:09.042550,2026-09-03,Processing,Processing,Normal,Client Operations,2026-09-01 06:01:09.042550,,False,,,Trading Platform,18.0,2.5,Within SLA,Low,In Progress,,,,,0.0,Missing in External System
WM00394,CLIENT0049,Cash Transfer,Fixed Income,1089522.99,USD,2026-08-29 08:48:09.042550,2026-09-01,Completed,Closure,Normal,Middle Office,2026-08-30 20:48:09.042550,2026-09-03 16:48:09.042550,False,,,Custody System,36.0,2.63,Outside SLA,High,Completed,1089522.99,1089522.99,Completed,Completed,0.0,Matched
WM00395,CLIENT0076,Asset Transfer - Internal,Cash,737389.85,BRL,2026-08-31 03:17:09.042550,2026-09-05,Completed,Closure,Normal,Reconciliation,2026-09-02 04:17:09.042550,2026-09-02 11:17:09.042550,False,,,Custody System,49.0,4.86,Outside SLA,High,Completed,737389.85,737389.85,Completed,Processing,0.0,Status Difference
WM00396,CLIENT0062,Asset Transfer - Internal,Mutual Fund,1318287.39,USD,2026-08-14 11:07:09.042550,2026-08-17,Pending Approval,Approval,Medium,Settlement,2026-08-17 07:07:09.042550,,False,,,Custody System,68.0,2.54,Outside SLA,High,In Progress,1318287.39,1318287.39,Pending Approval,Pending Approval,0.0,Matched
WM00397,CLIENT0083,Fund Purchase,Mutual Fund,1048785.08,BRL,2026-08-31 03:52:09.042550,2026-09-03,Settled,Settlement,Normal,Operations,2026-08-31 20:52:09.042550,2026-09-03 10:52:09.042550,False,,,Core Banking,17.0,2.84,Within SLA,Low,Completed,1048785.08,1048785.08,Settled,Settled,0.0,Matched
WM00398,CLIENT0147,Portfolio Rebalancing,ETF,1317552.91,USD,2026-08-20 02:44:09.042550,2026-08-22,Completed,Closure,Normal,Operations,2026-08-22 01:44:09.042550,2026-08-21 03:44:09.042550,False,,,Core Banking,47.0,1.89,Outside SLA,High,Completed,1317552.91,1317552.91,Completed,Completed,0.0,Matched
WM00399,CLIENT0120,Portfolio Rebalancing,Mutual Fund,725047.47,USD,2026-08-16 02:12:09.042550,2026-08-18,Reconciled,Reconciliation,Normal,Client Operations,2026-08-16 10:12:09.042550,2026-08-20 04:12:09.042550,False,,,Custody System,8.0,1.91,Within SLA,Low,Completed,725047.47,701907.67,Reconciled,Reconciled,23139.8,Amount Difference
WM00400,CLIENT0020,Fund Redemption,Cash,198752.9,BRL,2026-08-15 03:06:09.042550,2026-08-18,Processing,Processing,Normal,Reconciliation,2026-08-17 05:06:09.042550,,False,,,Core Banking,50.0,2.87,Outside SLA,High,In Progress,198752.9,190853.22,Processing,Processing,7899.68,Amount Difference
WM00401,CLIENT0143,Portfolio Rebalancing,Cash,833293.28,BRL,2026-09-04 04:49:09.042550,2026-09-06,Pending Approval,Approval,Medium,Reconciliation,2026-09-06 02:49:09.042550,,False,,,Custody System,46.0,1.8,Outside SLA,High,In Progress,833293.28,833293.28,Pending Approval,Pending Approval,0.0,Matched
WM00402,CLIENT0141,Asset Transfer - External,Cash,678338.18,BRL,2026-09-04 08:09:09.042550,2026-09-05,Settled,Settlement,Normal,Reconciliation,2026-09-06 17:09:09.042550,2026-09-06 11:09:09.042550,False,,,Trading Platform,57.0,0.66,Outside SLA,High,Completed,678338.18,678338.18,Settled,Settled,0.0,Matched
WM00403,CLIENT0083,Cash Transfer,Fixed Income,1128473.68,BRL,2026-08-31 07:07:09.042550,2026-09-03,Completed,Closure,Normal,Middle Office,2026-09-03 06:07:09.042550,2026-09-04 14:07:09.042550,False,,,Custody System,71.0,2.7,Outside SLA,High,Completed,1128473.68,1128473.68,Completed,Completed,0.0,Matched
WM00404,CLIENT0001,Portfolio Rebalancing,Mutual Fund,1965998.16,BRL,2026-09-13 08:41:09.042550,2026-09-17,Processing,Processing,Normal,Reconciliation,2026-09-14 02:41:09.042550,,False,,,Trading Platform,18.0,3.64,Within SLA,Low,In Progress,1965998.16,1965998.16,Processing,Processing,0.0,Matched
WM00405,CLIENT0006,Portfolio Rebalancing,Equity,1838628.61,BRL,2026-08-21 05:07:09.042550,2026-08-24,Received,Request Received,Normal,Operations,2026-08-21 10:07:09.042550,,False,,,Trading Platform,5.0,2.79,Within SLA,Low,In Progress,1838628.61,1838628.61,Received,Received,0.0,Matched
WM00406,CLIENT0064,Fund Redemption,Equity,1623093.1,BRL,2026-08-18 05:36:09.042550,2026-08-23,Processing,Processing,Normal,Reconciliation,2026-08-20 09:36:09.042550,,False,,,Custody System,52.0,4.77,Outside SLA,High,In Progress,1623093.1,1623093.1,Processing,Processing,0.0,Matched
WM00407,CLIENT0125,Portfolio Rebalancing,Cash,1639932.95,BRL,2026-09-06 02:59:09.042550,2026-09-09,Completed,Closure,Normal,Reconciliation,2026-09-07 17:59:09.042550,2026-09-10 05:59:09.042550,False,,,Core Banking,39.0,2.88,Outside SLA,High,Completed,1639932.95,1639932.95,Completed,Completed,0.0,Matched
WM00408,CLIENT0112,Asset Transfer - External,Mutual Fund,1740224.1,BRL,2026-09-01 07:18:09.042550,2026-09-02,Completed,Closure,Normal,Reconciliation,2026-09-01 09:18:09.042550,2026-09-04 13:18:09.042550,False,,,Custody System,2.0,0.7,Within SLA,Low,Completed,1740224.1,1740224.1,Completed,Completed,0.0,Matched
WM00409,CLIENT0139,Cash Transfer,Fixed Income,657029.1,BRL,2026-08-26 01:32:09.042550,2026-08-31,Completed,Closure,Normal,Settlement,2026-08-26 08:32:09.042550,2026-08-27 07:32:09.042550,False,,,Custody System,7.0,4.94,Within SLA,Low,Completed,657029.1,657029.1,Completed,Completed,0.0,Matched
WM00410,CLIENT0057,Asset Transfer - External,Equity,1573804.76,BRL,2026-08-26 09:01:09.042550,2026-08-31,Completed,Closure,Normal,Settlement,2026-08-28 05:01:09.042550,2026-08-31 11:01:09.042550,False,,,Core Banking,44.0,4.62,Outside SLA,High,Completed,1573804.76,1573804.76,Completed,Completed,0.0,Matched
WM00411,CLIENT0103,Cash Transfer,ETF,1548781.15,BRL,2026-09-06 01:48:09.042550,2026-09-10,Settled,Settlement,Normal,Settlement,2026-09-08 15:48:09.042550,2026-09-09 03:48:09.042550,False,,,Custody System,62.0,3.92,Outside SLA,High,Completed,1548781.15,1548781.15,Settled,Settled,0.0,Matched
WM00412,CLIENT0144,Cash Transfer,Cash,496260.45,BRL,2026-08-26 11:49:09.042550,2026-08-28,Pending Approval,Approval,Medium,Client Operations,2026-08-28 19:49:09.042550,,False,,,Trading Platform,56.0,1.51,Outside SLA,High,In Progress,496260.45,496260.45,Pending Approval,Pending Approval,0.0,Matched
WM00413,CLIENT0090,Fund Redemption,Equity,692327.19,BRL,2026-09-01 02:20:09.042550,2026-09-05,Completed,Closure,Normal,Client Operations,2026-09-02 00:20:09.042550,2026-09-05 08:20:09.042550,False,,,Trading Platform,22.0,3.9,Within SLA,Low,Completed,692327.19,692327.19,Completed,Completed,0.0,Matched
WM00414,CLIENT0060,Fund Redemption,Equity,316202.48,BRL,2026-09-08 08:52:09.042550,2026-09-10,Completed,Closure,Normal,Operations,2026-09-08 15:52:09.042550,2026-09-12 09:52:09.042550,False,,,Core Banking,7.0,1.63,Within SLA,Low,Completed,316202.48,316202.48,Completed,Completed,0.0,Matched
WM00415,CLIENT0029,Asset Transfer - Internal,ETF,945024.66,USD,2026-09-12 04:08:09.042550,2026-09-15,Exception,Processing,High,Reconciliation,2026-09-13 08:08:09.042550,,True,Missing Documentation,High,Core Banking,28.0,2.83,Outside SLA,Critical,Exception,945024.66,945024.66,Exception,Exception,0.0,Matched
WM00416,CLIENT0005,Asset Transfer - External,Cash,1812550.37,BRL,2026-09-07 05:48:09.042550,2026-09-11,Reconciled,Reconciliation,Normal,Client Operations,2026-09-08 03:48:09.042550,2026-09-12 08:48:09.042550,False,,,Core Banking,22.0,3.76,Within SLA,Low,Completed,1812550.37,1812550.37,Reconciled,Reconciled,0.0,Matched
WM00417,CLIENT0120,Portfolio Rebalancing,Mutual Fund,137862.6,USD,2026-09-08 10:30:09.042550,2026-09-09,Processing,Processing,Normal,Client Operations,2026-09-09 00:30:09.042550,,False,,,Core Banking,14.0,0.56,Within SLA,Low,In Progress,137862.6,137862.6,Processing,Processing,0.0,Matched
WM00418,CLIENT0098,Cash Transfer,Mutual Fund,1808224.76,USD,2026-09-11 11:37:09.042550,2026-09-13,Processing,Processing,Normal,Reconciliation,2026-09-14 08:37:09.042550,,False,,,Core Banking,69.0,1.52,Outside SLA,High,In Progress,1808224.76,1808224.76,Processing,Processing,0.0,Matched
WM00419,CLIENT0011,Fund Redemption,Cash,613330.41,USD,2026-08-30 08:48:09.042550,2026-08-31,Pending Approval,Approval,Medium,Middle Office,2026-08-31 05:48:09.042550,,False,,,Core Banking,21.0,0.63,Within SLA,High,In Progress,613330.41,613330.41,Pending Approval,Pending Approval,0.0,Matched
WM00420,CLIENT0061,Cash Transfer,Equity,1624726.26,USD,2026-08-25 06:53:09.042550,2026-08-28,Processing,Processing,Normal,Middle Office,2026-08-25 10:53:09.042550,,False,,,Custody System,4.0,2.71,Within SLA,Low,In Progress,1624726.26,1624726.26,Processing,Processing,0.0,Matched
WM00421,CLIENT0098,Cash Transfer,Cash,1746039.43,BRL,2026-08-21 03:34:09.042550,2026-08-25,Exception,Processing,Critical,Settlement,2026-08-21 23:34:09.042550,,True,Asset Position Divergence,Low,Trading Platform,20.0,3.85,Within SLA,Critical,Exception,1746039.43,1746039.43,Exception,Exception,0.0,Matched
WM00422,CLIENT0053,Portfolio Rebalancing,Fixed Income,1164156.25,BRL,2026-09-12 10:34:09.042550,2026-09-16,Exception,Processing,High,Client Operations,2026-09-15 06:34:09.042550,,True,System Processing Error,Medium,Core Banking,68.0,3.56,Outside SLA,Critical,Exception,1164156.25,1164156.25,Exception,Exception,0.0,Matched
WM00423,CLIENT0018,Cash Transfer,Cash,1897460.12,BRL,2026-09-12 03:54:09.042550,2026-09-17,Settled,Settlement,Normal,Settlement,2026-09-13 20:54:09.042550,2026-09-14 09:54:09.042550,False,,,Core Banking,41.0,4.84,Outside SLA,High,Completed,1897460.12,1897460.12,Settled,Settled,0.0,Matched
WM00424,CLIENT0114,Portfolio Rebalancing,Equity,308154.33,BRL,2026-09-07 07:09:09.042550,2026-09-11,Completed,Closure,Normal,Operations,2026-09-08 00:09:09.042550,2026-09-11 12:09:09.042550,False,,,Core Banking,17.0,3.7,Within SLA,Low,Completed,308154.33,308154.33,Completed,Exception,0.0,Status Difference
WM00425,CLIENT0146,Cash Transfer,Fixed Income,1194739.58,BRL,2026-09-02 10:30:09.042550,2026-09-07,Received,Request Received,Normal,Operations,2026-09-04 08:30:09.042550,,False,,,Core Banking,46.0,4.56,Outside SLA,High,In Progress,1194739.58,1194739.58,Received,Pending Settlement,0.0,Status Difference
WM00426,CLIENT0048,Asset Transfer - External,ETF,950324.61,BRL,2026-08-29 03:45:09.042550,2026-09-03,Completed,Closure,Normal,Settlement,2026-08-30 08:45:09.042550,2026-09-02 09:45:09.042550,False,,,Core Banking,29.0,4.84,Outside SLA,High,Completed,950324.61,911718.83,Completed,Completed,38605.78,Amount Difference
WM00427,CLIENT0052,Fund Redemption,Mutual Fund,358271.01,USD,2026-08-14 05:39:09.042550,2026-08-16,Pending Settlement,Settlement,Medium,Reconciliation,2026-08-16 20:39:09.042550,,False,,,Custody System,63.0,1.76,Outside SLA,High,In Progress,358271.01,358271.01,Pending Settlement,Pending Settlement,0.0,Matched
WM00428,CLIENT0011,Cash Transfer,ETF,1441800.82,USD,2026-08-28 04:40:09.042550,2026-09-01,Processing,Processing,Normal,Reconciliation,2026-08-31 01:40:09.042550,,False,,,Custody System,69.0,3.81,Outside SLA,High,In Progress,1441800.82,1441800.82,Processing,Processing,0.0,Matched
WM00429,CLIENT0011,Fund Redemption,Cash,1078048.94,BRL,2026-09-05 01:46:09.042550,2026-09-06,Completed,Closure,Normal,Reconciliation,2026-09-07 03:46:09.042550,2026-09-09 09:46:09.042550,False,,,Custody System,50.0,0.93,Outside SLA,High,Completed,1078048.94,1078048.94,Completed,Completed,0.0,Matched
WM00430,CLIENT0078,Asset Transfer - Internal,ETF,337140.77,USD,2026-09-13 01:25:09.042550,2026-09-16,Completed,Closure,Normal,Reconciliation,2026-09-13 08:25:09.042550,2026-09-17 08:25:09.042550,False,,,Custody System,7.0,2.94,Within SLA,Low,Completed,337140.77,337140.77,Completed,Completed,0.0,Matched
WM00431,CLIENT0047,Cash Transfer,Cash,274936.82,USD,2026-08-18 09:06:09.042550,2026-08-22,Settled,Settlement,Normal,Client Operations,2026-08-20 19:06:09.042550,2026-08-19 11:06:09.042550,False,,,Core Banking,58.0,3.62,Outside SLA,High,Completed,274936.82,261702.13,Settled,Settled,13234.69,Amount Difference
WM00432,CLIENT0024,Asset Transfer - Internal,Equity,1384976.27,BRL,2026-09-01 05:09:09.042550,2026-09-05,Validation,Data Validation,Normal,Operations,2026-09-01 17:09:09.042550,,False,,,Core Banking,12.0,3.79,Within SLA,Low,In Progress,1384976.27,1384976.27,Validation,Validation,0.0,Matched
WM00433,CLIENT0097,Cash Transfer,ETF,92592.64,BRL,2026-09-03 06:18:09.042550,2026-09-08,Completed,Closure,Normal,Client Operations,2026-09-04 02:18:09.042550,2026-09-07 09:18:09.042550,False,,,Core Banking,20.0,4.74,Within SLA,Low,Completed,92592.64,92592.64,Completed,Completed,0.0,Matched
WM00434,CLIENT0074,Portfolio Rebalancing,Fixed Income,239520.19,BRL,2026-08-19 01:39:09.042550,2026-08-22,Completed,Closure,Normal,Settlement,2026-08-19 02:39:09.042550,2026-08-22 09:39:09.042550,False,,,Custody System,1.0,2.93,Within SLA,Low,Completed,239520.19,239520.19,Completed,Completed,0.0,Matched
WM00435,CLIENT0127,Fund Redemption,Fixed Income,1179780.34,USD,2026-08-14 08:44:09.042550,2026-08-18,Completed,Closure,Normal,Middle Office,2026-08-16 13:44:09.042550,2026-08-19 09:44:09.042550,False,,,Trading Platform,53.0,3.64,Outside SLA,High,Completed,1179780.34,1179780.34,Completed,Completed,0.0,Matched
WM00436,CLIENT0072,Cash Transfer,Cash,1641142.18,BRL,2026-09-02 01:28:09.042550,2026-09-07,Received,Request Received,Normal,Operations,2026-09-03 01:28:09.042550,,False,,,Core Banking,24.0,4.94,Within SLA,Low,In Progress,1641142.18,1641142.18,Received,Received,0.0,Matched
WM00437,CLIENT0148,Cash Transfer,Equity,665566.62,BRL,2026-08-25 01:22:09.042550,2026-08-26,Received,Request Received,Normal,Operations,2026-08-25 15:22:09.042550,,False,,,Trading Platform,14.0,0.94,Within SLA,Low,In Progress,665566.62,665566.62,Received,Received,0.0,Matched
WM00438,CLIENT0147,Cash Transfer,Fixed Income,1932755.06,USD,2026-08-19 11:31:09.042550,2026-08-24,Cancelled,Closure,Normal,Operations,2026-08-19 23:31:09.042550,,False,,,Trading Platform,12.0,4.52,Within SLA,Low,Cancelled,1932755.06,1932755.06,Cancelled,Cancelled,0.0,Matched
WM00439,CLIENT0110,Cash Transfer,Mutual Fund,589201.26,BRL,2026-09-11 08:05:09.042550,2026-09-12,Processing,Processing,Normal,Operations,2026-09-12 20:05:09.042550,,False,,,Trading Platform,36.0,0.66,Outside SLA,High,In Progress,589201.26,589201.26,Processing,Processing,0.0,Matched
WM00440,CLIENT0028,Cash Transfer,Cash,1974442.58,USD,2026-08-30 04:57:09.042550,2026-09-01,Settled,Settlement,Normal,Reconciliation,2026-08-31 17:57:09.042550,2026-09-04 05:57:09.042550,False,,,Trading Platform,37.0,1.79,Outside SLA,High,Completed,1974442.58,1974442.58,Settled,Settled,0.0,Matched
WM00441,CLIENT0034,Cash Transfer,Cash,995311.87,USD,2026-08-24 05:46:09.042550,2026-08-29,Reconciled,Reconciliation,Normal,Middle Office,2026-08-25 05:46:09.042550,2026-08-29 11:46:09.042550,False,,,Custody System,24.0,4.76,Within SLA,Low,Completed,995311.87,995311.87,Reconciled,Reconciled,0.0,Matched
WM00442,CLIENT0007,Asset Transfer - External,Mutual Fund,1476249.41,BRL,2026-08-23 04:13:09.042550,2026-08-24,Pending Approval,Approval,Medium,Reconciliation,2026-08-25 10:13:09.042550,,False,,,Trading Platform,54.0,0.82,Outside SLA,High,In Progress,1476249.41,1476249.41,Pending Approval,Pending Approval,0.0,Matched
WM00443,CLIENT0003,Portfolio Rebalancing,Fixed Income,1381584.04,USD,2026-08-25 10:04:09.042550,2026-08-27,Received,Request Received,Normal,Operations,2026-08-27 02:04:09.042550,,False,,,Trading Platform,40.0,1.58,Outside SLA,High,In Progress,1381584.04,1381584.04,Received,Received,0.0,Matched
WM00444,CLIENT0146,Cash Transfer,Mutual Fund,1664925.33,BRL,2026-08-24 01:20:09.042550,2026-08-27,Settled,Settlement,Normal,Client Operations,2026-08-25 21:20:09.042550,2026-08-27 08:20:09.042550,False,,,Custody System,44.0,2.94,Outside SLA,High,Completed,1664925.33,1664925.33,Settled,Settled,0.0,Matched
WM00445,CLIENT0118,Cash Transfer,Equity,927627.8,USD,2026-08-29 01:54:09.042550,2026-08-31,Settled,Settlement,Normal,Operations,2026-08-31 20:54:09.042550,2026-09-02 04:54:09.042550,False,,,Trading Platform,67.0,1.92,Outside SLA,High,Completed,927627.8,927627.8,Settled,Settled,0.0,Matched
WM00446,CLIENT0148,Portfolio Rebalancing,Equity,1600072.99,USD,2026-09-04 06:48:09.042550,2026-09-09,Reconciled,Reconciliation,Normal,Operations,2026-09-05 02:48:09.042550,2026-09-05 10:48:09.042550,False,,,Trading Platform,20.0,4.72,Within SLA,Low,Completed,1600072.99,1600072.99,Reconciled,Reconciled,0.0,Matched
WM00447,CLIENT0048,Cash Transfer,Mutual Fund,1729864.41,USD,2026-08-24 07:53:09.042550,2026-08-29,Completed,Closure,Normal,Client Operations,2026-08-24 12:53:09.042550,2026-08-26 14:53:09.042550,False,,,Trading Platform,5.0,4.67,Within SLA,Low,Completed,1729864.41,1729864.41,Completed,Completed,0.0,Matched
WM00448,CLIENT0135,Asset Transfer - Internal,Fixed Income,228901.39,BRL,2026-08-29 04:36:09.042550,2026-09-02,Settled,Settlement,Normal,Settlement,2026-08-29 16:36:09.042550,2026-09-01 08:36:09.042550,False,,,Trading Platform,12.0,3.81,Within SLA,Low,Completed,228901.39,228901.39,Settled,Settled,0.0,Matched
WM00449,CLIENT0088,Asset Transfer - External,Cash,624165.62,USD,2026-09-08 09:10:09.042550,2026-09-13,Settled,Settlement,Normal,Settlement,2026-09-08 22:10:09.042550,2026-09-10 13:10:09.042550,False,,,Custody System,13.0,4.62,Within SLA,Low,Completed,624165.62,624165.62,Settled,Settled,0.0,Matched
WM00450,CLIENT0134,Fund Purchase,Mutual Fund,625407.73,BRL,2026-08-18 04:59:09.042550,2026-08-19,Completed,Closure,Normal,Reconciliation,2026-08-18 16:59:09.042550,2026-08-22 11:59:09.042550,False,,,Trading Platform,12.0,0.79,Within SLA,Low,Completed,625407.73,625407.73,Completed,Completed,0.0,Matched
WM00451,CLIENT0054,Asset Transfer - Internal,Fixed Income,389128.55,USD,2026-08-15 02:46:09.042550,2026-08-18,Settled,Settlement,Normal,Reconciliation,2026-08-16 19:46:09.042550,2026-08-16 07:46:09.042550,False,,,Trading Platform,41.0,2.88,Outside SLA,High,Completed,389128.55,389128.55,Settled,Settled,0.0,Matched
WM00452,CLIENT0144,Cash Transfer,Mutual Fund,417121.87,USD,2026-08-22 03:23:09.042550,2026-08-25,Completed,Closure,Normal,Reconciliation,2026-08-23 20:23:09.042550,2026-08-23 04:23:09.042550,False,,,Trading Platform,41.0,2.86,Outside SLA,High,Completed,417121.87,417121.87,Completed,Completed,0.0,Matched
WM00453,CLIENT0044,Fund Purchase,Equity,1228459.45,USD,2026-09-05 05:49:09.042550,2026-09-07,Validation,Data Validation,Normal,Reconciliation,2026-09-07 14:49:09.042550,,False,,,Core Banking,57.0,1.76,Outside SLA,High,In Progress,1228459.45,1228459.45,Validation,Validation,0.0,Matched
WM00454,CLIENT0099,Fund Purchase,Mutual Fund,855799.16,BRL,2026-08-29 11:16:09.042550,2026-08-30,Validation,Data Validation,Normal,Reconciliation,2026-08-31 21:16:09.042550,,False,,,Custody System,58.0,0.53,Outside SLA,High,In Progress,855799.16,855799.16,Validation,Validation,0.0,Matched
WM00455,CLIENT0021,Asset Transfer - External,Cash,267931.58,USD,2026-08-24 04:58:09.042550,2026-08-29,Processing,Processing,Normal,Operations,2026-08-26 15:58:09.042550,,False,,,Trading Platform,59.0,4.79,Outside SLA,High,In Progress,267931.58,267931.58,Processing,Processing,0.0,Matched
WM00456,CLIENT0067,Asset Transfer - Internal,ETF,370789.38,USD,2026-09-05 08:43:09.042550,2026-09-07,Completed,Closure,Normal,Client Operations,2026-09-07 19:43:09.042550,2026-09-07 11:43:09.042550,False,,,Trading Platform,59.0,1.64,Outside SLA,High,Completed,370789.38,370789.38,Completed,Completed,0.0,Matched
WM00457,CLIENT0119,Fund Redemption,Equity,1537043.32,BRL,2026-08-29 02:35:09.042550,2026-09-02,Received,Request Received,Normal,Reconciliation,2026-08-29 16:35:09.042550,,False,,,Trading Platform,14.0,3.89,Within SLA,Low,In Progress,1537043.32,1537043.32,Received,Received,0.0,Matched
WM00458,CLIENT0137,Asset Transfer - External,ETF,1183119.23,BRL,2026-09-08 02:33:09.042550,2026-09-13,Completed,Closure,Normal,Reconciliation,2026-09-09 10:33:09.042550,2026-09-09 07:33:09.042550,False,,,Custody System,32.0,4.89,Outside SLA,High,Completed,1183119.23,1183119.23,Completed,Completed,0.0,Matched
WM00459,CLIENT0054,Portfolio Rebalancing,Cash,865141.25,USD,2026-08-29 07:17:09.042550,2026-09-01,Validation,Data Validation,Normal,Reconciliation,2026-08-31 03:17:09.042550,,False,,,Custody System,44.0,2.7,Outside SLA,High,In Progress,865141.25,865141.25,Validation,Validation,0.0,Matched
WM00460,CLIENT0030,Cash Transfer,Cash,928502.33,BRL,2026-08-19 11:55:09.042550,2026-08-20,Completed,Closure,Normal,Middle Office,2026-08-20 10:55:09.042550,2026-08-24 19:55:09.042550,False,,,Trading Platform,23.0,0.5,Within SLA,Low,Completed,928502.33,928502.33,Completed,Completed,0.0,Matched
WM00461,CLIENT0127,Portfolio Rebalancing,Mutual Fund,185613.34,BRL,2026-08-16 10:19:09.042550,2026-08-21,Exception,Processing,High,Settlement,2026-08-17 06:19:09.042550,,True,Insufficient Position,High,Trading Platform,20.0,4.57,Within SLA,Critical,Exception,185613.34,181884.21,Exception,Exception,3729.13,Amount Difference
WM00462,CLIENT0082,Asset Transfer - Internal,Cash,1589721.59,USD,2026-08-26 10:49:09.042550,2026-08-30,Reconciled,Reconciliation,Normal,Middle Office,2026-08-28 07:49:09.042550,2026-08-28 14:49:09.042550,False,,,Core Banking,45.0,3.55,Outside SLA,High,Completed,1589721.59,1589721.59,Reconciled,Reconciled,0.0,Matched
WM00463,CLIENT0095,Cash Transfer,Mutual Fund,6682.41,USD,2026-09-02 09:38:09.042550,2026-09-04,Reconciled,Reconciliation,Normal,Operations,2026-09-03 22:38:09.042550,2026-09-05 10:38:09.042550,False,,,Core Banking,37.0,1.6,Outside SLA,High,Completed,6682.41,6682.41,Reconciled,Reconciled,0.0,Matched
WM00464,CLIENT0098,Asset Transfer - External,ETF,873204.15,BRL,2026-09-05 10:38:09.042550,2026-09-08,Pending Approval,Approval,Medium,Settlement,2026-09-07 23:38:09.042550,,False,,,Core Banking,61.0,2.56,Outside SLA,High,In Progress,873204.15,873204.15,Pending Approval,Pending Approval,0.0,Matched
WM00465,CLIENT0040,Asset Transfer - Internal,Fixed Income,272883.51,BRL,2026-08-26 07:06:09.042550,2026-08-30,Pending Approval,Approval,Medium,Operations,2026-08-27 02:06:09.042550,,False,,,Custody System,19.0,3.7,Within SLA,High,In Progress,,,,,0.0,Missing in External System
WM00466,CLIENT0117,Portfolio Rebalancing,Cash,1860970.47,BRL,2026-09-04 07:21:09.042550,2026-09-05,Completed,Closure,Normal,Middle Office,2026-09-07 01:21:09.042550,2026-09-06 14:21:09.042550,False,,,Trading Platform,66.0,0.69,Outside SLA,High,Completed,1860970.47,1860970.47,Completed,Completed,0.0,Matched
WM00467,CLIENT0002,Cash Transfer,ETF,1694373.75,BRL,2026-08-28 07:35:09.042550,2026-08-30,Reconciled,Reconciliation,Normal,Reconciliation,2026-08-29 18:35:09.042550,2026-08-30 14:35:09.042550,False,,,Trading Platform,35.0,1.68,Outside SLA,High,Completed,1694373.75,1694373.75,Reconciled,Reconciled,0.0,Matched
WM00468,CLIENT0095,Fund Purchase,Cash,965658.15,BRL,2026-09-01 06:15:09.042550,2026-09-02,Completed,Closure,Normal,Settlement,2026-09-04 02:15:09.042550,2026-09-06 14:15:09.042550,False,,,Trading Platform,68.0,0.74,Outside SLA,High,Completed,965658.15,965658.15,Completed,Completed,0.0,Matched
WM00469,CLIENT0121,Portfolio Rebalancing,Mutual Fund,1369727.67,USD,2026-08-16 10:09:09.042550,2026-08-21,Settled,Settlement,Normal,Reconciliation,2026-08-16 17:09:09.042550,2026-08-17 14:09:09.042550,False,,,Trading Platform,7.0,4.58,Within SLA,Low,Completed,1369727.67,1369727.67,Settled,Settled,0.0,Matched
WM00470,CLIENT0108,Asset Transfer - Internal,Equity,581970.84,BRL,2026-08-14 08:42:09.042550,2026-08-19,Reconciled,Reconciliation,Normal,Reconciliation,2026-08-15 23:42:09.042550,2026-08-18 14:42:09.042550,False,,,Custody System,39.0,4.64,Outside SLA,High,Completed,581970.84,581970.84,Reconciled,Reconciled,0.0,Matched
WM00471,CLIENT0147,Fund Purchase,Equity,1618747.08,BRL,2026-08-22 01:53:09.042550,2026-08-26,Completed,Closure,Normal,Client Operations,2026-08-24 16:53:09.042550,2026-08-27 04:53:09.042550,False,,,Core Banking,63.0,3.92,Outside SLA,High,Completed,1618747.08,1618747.08,Completed,Pending Settlement,0.0,Status Difference
WM00472,CLIENT0072,Asset Transfer - Internal,Equity,33335.01,BRL,2026-08-16 05:29:09.042550,2026-08-18,Validation,Data Validation,Normal,Reconciliation,2026-08-17 04:29:09.042550,,False,,,Custody System,23.0,1.77,Within SLA,Low,In Progress,33335.01,32173.17,Validation,Validation,1161.84,Amount Difference
WM00473,CLIENT0125,Fund Redemption,Cash,1724718.78,USD,2026-09-04 08:36:09.042550,2026-09-06,Completed,Closure,Normal,Operations,2026-09-05 03:36:09.042550,2026-09-07 12:36:09.042550,False,,,Custody System,19.0,1.64,Within SLA,Low,Completed,1724718.78,1724718.78,Completed,Completed,0.0,Matched
WM00474,CLIENT0113,Portfolio Rebalancing,Fixed Income,425659.21,USD,2026-08-18 09:01:09.042550,2026-08-22,Exception,Processing,High,Client Operations,2026-08-19 00:01:09.042550,,True,Insufficient Position,Medium,Core Banking,15.0,3.62,Within SLA,Critical,Exception,425659.21,425659.21,Exception,Exception,0.0,Matched
WM00475,CLIENT0137,Fund Redemption,ETF,1368602.37,USD,2026-08-26 08:32:09.042550,2026-08-30,Validation,Data Validation,Normal,Middle Office,2026-08-27 18:32:09.042550,,False,,,Core Banking,34.0,3.64,Outside SLA,High,In Progress,1368602.37,1368602.37,Validation,Validation,0.0,Matched
WM00476,CLIENT0136,Portfolio Rebalancing,Mutual Fund,199241.82,USD,2026-08-27 01:31:09.042550,2026-08-31,Reconciled,Reconciliation,Normal,Middle Office,2026-08-28 12:31:09.042550,2026-08-31 07:31:09.042550,False,,,Trading Platform,35.0,3.94,Outside SLA,High,Completed,199241.82,199241.82,Reconciled,Processing,0.0,Status Difference
WM00477,CLIENT0101,Asset Transfer - External,Fixed Income,1469955.34,BRL,2026-09-08 02:29:09.042550,2026-09-13,Processing,Processing,Normal,Reconciliation,2026-09-09 22:29:09.042550,,False,,,Custody System,44.0,4.9,Outside SLA,High,In Progress,1469955.34,1469955.34,Processing,Processing,0.0,Matched
WM00478,CLIENT0004,Asset Transfer - External,Mutual Fund,1052902.21,USD,2026-08-19 06:48:09.042550,2026-08-20,Completed,Closure,Normal,Client Operations,2026-08-20 11:48:09.042550,2026-08-20 08:48:09.042550,False,,,Custody System,29.0,0.72,Outside SLA,High,Completed,1052902.21,1052902.21,Completed,Completed,0.0,Matched
WM00479,CLIENT0024,Fund Purchase,Cash,1314928.01,BRL,2026-08-20 01:14:09.042550,2026-08-25,Processing,Processing,Normal,Reconciliation,2026-08-20 17:14:09.042550,,False,,,Custody System,16.0,4.95,Within SLA,Low,In Progress,1314928.01,1314928.01,Processing,Processing,0.0,Matched
WM00480,CLIENT0048,Asset Transfer - Internal,Equity,936576.38,BRL,2026-08-16 10:21:09.042550,2026-08-20,Exception,Processing,Critical,Client Operations,2026-08-18 17:21:09.042550,,True,Asset Position Divergence,Low,Custody System,55.0,3.57,Outside SLA,Critical,Exception,936576.38,936576.38,Exception,Exception,0.0,Matched
WM00481,CLIENT0016,Asset Transfer - External,ETF,668646.2,BRL,2026-09-07 06:29:09.042550,2026-09-09,Completed,Closure,Normal,Client Operations,2026-09-08 16:29:09.042550,2026-09-08 11:29:09.042550,False,,,Core Banking,34.0,1.73,Outside SLA,High,Completed,668646.2,668646.2,Completed,Completed,0.0,Matched
WM00482,CLIENT0028,Fund Redemption,Cash,1538571.11,BRL,2026-08-29 04:52:09.042550,2026-09-02,Settled,Settlement,Normal,Reconciliation,2026-08-29 18:52:09.042550,2026-08-31 12:52:09.042550,False,,,Trading Platform,14.0,3.8,Within SLA,Low,Completed,1538571.11,1538571.11,Settled,Settled,0.0,Matched
WM00483,CLIENT0115,Fund Purchase,ETF,301964.28,BRL,2026-08-17 01:17:09.042550,2026-08-18,Completed,Closure,Normal,Operations,2026-08-19 03:17:09.042550,2026-08-22 06:17:09.042550,False,,,Trading Platform,50.0,0.95,Outside SLA,High,Completed,301964.28,301964.28,Completed,Completed,0.0,Matched
WM00484,CLIENT0132,Portfolio Rebalancing,ETF,958888.16,USD,2026-08-24 07:49:09.042550,2026-08-25,Validation,Data Validation,Normal,Operations,2026-08-27 05:49:09.042550,,False,,,Core Banking,70.0,0.67,Outside SLA,High,In Progress,958888.16,958888.16,Validation,Pending Settlement,0.0,Status Difference
WM00485,CLIENT0138,Asset Transfer - Internal,Equity,1365262.29,USD,2026-09-13 08:20:09.042550,2026-09-18,Received,Request Received,Normal,Operations,2026-09-13 20:20:09.042550,,False,,,Trading Platform,12.0,4.65,Within SLA,Low,In Progress,1365262.29,1365262.29,Received,Received,0.0,Matched
WM00486,CLIENT0046,Cash Transfer,Mutual Fund,1935188.36,BRL,2026-09-13 06:18:09.042550,2026-09-17,Reconciled,Reconciliation,Normal,Client Operations,2026-09-15 08:18:09.042550,2026-09-16 10:18:09.042550,False,,,Core Banking,50.0,3.74,Outside SLA,High,Completed,1935188.36,1935188.36,Reconciled,Exception,0.0,Status Difference
WM00487,CLIENT0010,Fund Redemption,Mutual Fund,1440879.37,BRL,2026-08-25 08:18:09.042550,2026-08-29,Completed,Closure,Normal,Middle Office,2026-08-27 10:18:09.042550,2026-08-27 11:18:09.042550,False,,,Core Banking,50.0,3.65,Outside SLA,High,Completed,1440879.37,1440879.37,Completed,Completed,0.0,Matched
WM00488,CLIENT0010,Asset Transfer - Internal,Mutual Fund,678748.62,BRL,2026-09-03 05:44:09.042550,2026-09-08,Completed,Closure,Normal,Middle Office,2026-09-03 21:44:09.042550,2026-09-07 06:44:09.042550,False,,,Core Banking,16.0,4.76,Within SLA,Low,Completed,678748.62,678748.62,Completed,Processing,0.0,Status Difference
WM00489,CLIENT0019,Fund Purchase,Fixed Income,980344.95,BRL,2026-09-04 09:42:09.042550,2026-09-09,Completed,Closure,Normal,Middle Office,2026-09-04 15:42:09.042550,2026-09-06 13:42:09.042550,False,,,Core Banking,6.0,4.6,Within SLA,Low,Completed,980344.95,980344.95,Completed,Pending Settlement,0.0,Status Difference
WM00490,CLIENT0117,Cash Transfer,Fixed Income,1671527.55,BRL,2026-08-18 01:24:09.042550,2026-08-19,Completed,Closure,Normal,Operations,2026-08-18 16:24:09.042550,2026-08-21 03:24:09.042550,False,,,Trading Platform,15.0,0.94,Within SLA,Low,Completed,1671527.55,1671527.55,Completed,Completed,0.0,Matched
WM00491,CLIENT0103,Asset Transfer - Internal,Mutual Fund,1951827.27,BRL,2026-09-02 04:17:09.042550,2026-09-04,Reconciled,Reconciliation,Normal,Client Operations,2026-09-03 08:17:09.042550,2026-09-06 10:17:09.042550,False,,,Core Banking,28.0,1.82,Outside SLA,High,Completed,1951827.27,1951827.27,Reconciled,Reconciled,0.0,Matched
WM00492,CLIENT0044,Portfolio Rebalancing,Equity,1109048.42,USD,2026-08-24 02:20:09.042550,2026-08-27,Reconciled,Reconciliation,Normal,Settlement,2026-08-24 08:20:09.042550,2026-08-26 09:20:09.042550,False,,,Core Banking,6.0,2.9,Within SLA,Low,Completed,1109048.42,1109048.42,Reconciled,Reconciled,0.0,Matched
WM00493,CLIENT0041,Fund Purchase,ETF,166041.6,BRL,2026-09-10 11:52:09.042550,2026-09-14,Validation,Data Validation,Normal,Settlement,2026-09-10 23:52:09.042550,,False,,,Custody System,12.0,3.51,Within SLA,Low,In Progress,166041.6,166041.6,Validation,Validation,0.0,Matched
WM00494,CLIENT0037,Portfolio Rebalancing,Equity,1048558.29,USD,2026-09-11 05:39:09.042550,2026-09-15,Completed,Closure,Normal,Settlement,2026-09-12 04:39:09.042550,2026-09-13 09:39:09.042550,False,,,Custody System,23.0,3.76,Within SLA,Low,Completed,1048558.29,1048558.29,Completed,Completed,0.0,Matched
WM00495,CLIENT0078,Asset Transfer - Internal,ETF,14117.23,BRL,2026-09-02 03:58:09.042550,2026-09-06,Completed,Closure,Normal,Settlement,2026-09-02 19:58:09.042550,2026-09-07 05:58:09.042550,False,,,Custody System,16.0,3.83,Within SLA,Low,Completed,14117.23,13637.01,Completed,Completed,480.22,Amount Difference
WM00496,CLIENT0119,Portfolio Rebalancing,Fixed Income,556471.03,BRL,2026-09-02 07:08:09.042550,2026-09-07,Exception,Processing,High,Settlement,2026-09-04 20:08:09.042550,,True,System Processing Error,Medium,Trading Platform,61.0,4.7,Outside SLA,Critical,Exception,556471.03,556471.03,Exception,Exception,0.0,Matched
WM00497,CLIENT0073,Fund Redemption,ETF,506506.65,USD,2026-09-04 01:16:09.042550,2026-09-07,Validation,Data Validation,Normal,Operations,2026-09-04 15:16:09.042550,,False,,,Custody System,14.0,2.95,Within SLA,Low,In Progress,,,,,0.0,Missing in External System
WM00498,CLIENT0125,Cash Transfer,Mutual Fund,146364.7,BRL,2026-08-31 03:23:09.042550,2026-09-01,Received,Request Received,Normal,Middle Office,2026-09-01 21:23:09.042550,,False,,,Trading Platform,42.0,0.86,Outside SLA,High,In Progress,146364.7,146364.7,Received,Received,0.0,Matched
WM00499,CLIENT0084,Fund Redemption,Mutual Fund,478051.13,USD,2026-09-04 06:27:09.042550,2026-09-05,Pending Approval,Approval,Medium,Settlement,2026-09-06 07:27:09.042550,,False,,,Core Banking,49.0,0.73,Outside SLA,High,In Progress,478051.13,478051.13,Pending Approval,Pending Approval,0.0,Matched
WM00500,CLIENT0038,Fund Redemption,Cash,912706.79,USD,2026-09-01 08:16:09.042550,2026-09-05,Received,Request Received,Normal,Client Operations,2026-09-02 02:16:09.042550,,False,,,Trading Platform,18.0,3.66,Within SLA,Low,In Progress,912706.79,912706.79,Received,Received,0.0,Matched
